"station_id","station_name","station_code","user_station_code","dept_id","dept_name","owner_unit_name","province","city","county_area","detailed_address","build_station_time","longitude","latitude"
"60","开化-开化水库下游","00060",,"19","开化县水文局","武汉大水云","浙江省","衢州市","开化县",,"1/6/2022 00:00:00","118.39965940641","29.3370572854287"
"61","开化-何田溪","00061",,"19","开化县水文局","武汉大水云","浙江省","衢州市","开化县",,"1/6/2022 00:00:00","118.395816481967","29.2954451355872"
"62","开化-中村溪","00062",,"19","开化县水文局","武汉大水云","浙江省","衢州市","开化县",,"1/6/2022 00:00:00","118.396643882414","29.1975981385471"
"63","开化-开化水文站","00063",,"19","开化县水文局","武汉大水云","浙江省","衢州市","开化县",,"1/6/2022 00:00:00","118.41243148901","29.1412956438028"
"64","开化-池淮溪","00064",,"19","开化县水文局","武汉大水云","浙江省","衢州市","开化县",,"1/6/2022 00:00:00","118.338489444244","29.0259486225052"
"65","开化-龙山溪","00065",,"19","开化县水文局","武汉大水云","浙江省","衢州市","",,"1/6/2022 00:00:00","118.344922161994","29.012565733692"
"66","开化-马尪溪","00066",,"19","开化县水文局","武汉大水云","浙江省","衢州市","开化县",,"1/6/2022 00:00:00","118.390436331968","28.9984402642205"
"67","开化-开化县火车站","00067",,"19","开化县水文局","武汉大水云","浙江省","衢州市","开化县",,"1/6/2022 00:00:00","118.359274855811","28.9971730966402"
"71","金华-安地灌区东干渠国湖泵站出水口","00071",,"28","梅溪流域管理中心","武汉大水云","浙江省","金华市","",,"4/8/2022 17:16:21","119.733835","29.012376"
"72","金华-安地灌区总干渠进水口","00072",,"28","梅溪流域管理中心","武汉大水云","浙江省","金华市",,,"20/7/2022 10:48:12","119.6408466177985","28.97565187534026"
"74","山东-大沙河","00074",,"22","济宁市水利局","山东新汇","山东省","济宁市","邹城市",,"11/5/2023 18:14:22","116.853096","35.353857"
"75","福建-七里街","00075",,"24","建瓯市水文局","武汉大水云","福建省","南平市","建瓯市",,"27/12/2020 14:54:21","118.309848","27.022132"
"76","删除-江西-十里河","00076",,"1","武汉大水云科技有限公司","武汉大水云","江西省","九江市",,,"27/12/2020 09:37:06","115.98564853691414","29.71827860250728"
"77","江西-莲塘","00077",,"73","鄱阳湖水文水资源勘测局","武汉大水云","江西省","南昌县",,,"17/2/2023 13:37:23","115.94339311","28.5455346"
"78","安徽-驷马山-晋集闸","00078",,"37","驷马山灌区","合肥大水云","安徽省","马鞍山市",,,"11/5/2023 18:14:23","118.44555164794917","31.66509988636543"
"79","山东-于庄橡胶坝","00079",,"22","济宁市水利局","山东新汇","山东省","济宁市",,,"8/4/2022 16:54:37","117.00175","35.634392"
"80","福建-武夷山","00080",,"30","武夷山水文局","武汉大水云","福建省","南平市","武夷山市",,"27/12/2020 14:48:58","118.08419177956723","27.786372707478947"
"81","山东-中册河","00081",,"22","济宁市水利局","山东新汇","山东省","济宁市","泗水县",,"8/4/2022 16:55:05","117.23249","35.689561"
"82","福建-文山里","00082",,"40","福建水利厅","武汉大水云","福建省","福州市","",,"20/7/2022 18:23:09","119.23969282882499","26.100819145408835"
"84","山东-泗水大闸","00084",,"22","济宁市水利局","山东新汇","山东省","济宁市",,,"8/4/2022 16:55:05","117.2852","35.701638"
"86","山东-尼山水库","00086",,"22","山东济宁市水利局","山东新汇","山东省","济宁市","曲阜市",,"8/4/2022 17:00:48","117.46125","35.649049"
"88","山东-城南橡胶坝","00088",,"22","济宁市水利局","山东新汇","山东省","济宁市","兖州区",,"8/4/2022 17:01:19","117.165434","35.66237"
"89","福建-大凤","00089",,"24","建瓯市水文局","武汉大水云","福建省","南平市","",,"17/2/2023 15:55:27","118.32877278","26.63271428"
"90","山东-南大沟上游","00090",,"22","山东济宁市水利局","山东新汇","山东省","济宁市",,,"8/4/2022 17:02:10","116.727215","35.628977"
"91","福建-下西园","00091",,"40","福建省水利厅","武汉大水云","福建省","福州市","",,"21/2/2023 09:46:13","118.92765909","26.2236072"
"92","山东-临泗橡胶坝","00092",,"22","山东济宁市水利局","山东新汇","山东省","济宁市",,,"8/4/2022 17:02:26","116.828484","35.265768"
"93","福建-双龙村","00093",,"40","福建省水利水电勘测设计院","武汉大水云","福建省","福州",,,"21/2/2023 09:49:32","119.17561591","25.90699904"
"94","山东-大石桥","00094",,"22","山东济宁市水利局","山东新汇","山东省","济宁市",,,"8/4/2022 17:02:40","116.836166","35.279118"
"95","福建-田螺湾","00095",,"40","福建水利厅","武汉大水云","福建省","福州市","",,"21/2/2023 09:50:24","119.49587569","26.02719605"
"96","福建-解放大桥","00096",,"40","福建水利厅","武汉大水云","福建省","福州市","",,"21/2/2023 09:51:32","119.32793856","26.05491303"
"97","山东-陈寨橡胶坝","00097",,"22","济宁水利局","山东新汇","山东省","济宁市","泗水县",,"1/7/2022 17:00:51","116.57437480872291","35.39800183351739"
"100","伊宁-尼勒克前池","00100",,"32","新疆电站公司","国家能源集团新疆吉林台水电开发有限公司","新疆维吾尔自治区","伊犁哈萨克自治州","尼勒克县",,"12/5/2023 14:00:00","82.42978656141125","43.839662485060714"
"101","伊宁-尼勒克枢纽","00101",,"32","新疆电站公司","国家能源集团新疆吉林台水电开发有限公司","新疆维吾尔自治区","伊犁哈萨克自治州","尼勒克县",,"12/5/2023 14:54:00","82.77284058119507","43.83001883604852"
"102","伊宁-塔勒得萨依前池","00102",,"32","新疆电站公司","国家能源集团新疆吉林台水电开发有限公司","新疆维吾尔自治区","伊犁哈萨克自治州","尼勒克县",,"12/5/2023 14:55:23","83.58583853722482","43.70869254316833"
"103","伊宁-塔勒得萨依枢纽","00103",,"32","新疆电站公司","国家能源集团新疆吉林台水电开发有限公司","新疆维吾尔自治区","伊犁哈萨克自治州","尼勒克县",,"12/5/2023 14:55:58","83.66640709699226","43.705496869419356"
"104","伊宁-萨里克特前池","00104",,"32","新疆电站公司","国家能源集团新疆吉林台水电开发有限公司","新疆维吾尔自治区","伊犁哈萨克自治州","尼勒克县",,"12/5/2023 14:56:33","83.75921588413382","43.714755451273646"
"105","伊宁-萨里克特枢纽","00105",,"32","新疆电站公司","国家能源集团新疆吉林台水电开发有限公司","新疆维吾尔自治区","伊犁哈萨克自治州","尼勒克县",,"12/5/2023 14:56:57","83.8519905112006","43.72028904244933"
"106","湖北-仙桃","00106",,"74","仙桃水文站","长江水利委员会","湖北省","省直辖县级行政区划","仙桃市",,"12/5/2023 16:00:00","113.263949","30.224773"
"107","广西-武宣水文站","00107",,"1","全国","广西大藤峡水利枢纽开发有限责任公司","广西壮族自治区","","",,"3/12/2022 00:40:10","109.6509473582","23.5897786749"
"109","陕西-张家山水文站","00109",,"86","咸阳水文局","陕西省水文水资源勘测局张家山水文站","陕西省","咸阳市",,,"27/12/2020 14:07:50","108.59611096","34.63530557"
"110","陕西-茅坝关水文站","00110",,"1","武汉大水云科技有限公司","长江水利委员会","陕西省","安康市",,,"27/6/2022 14:09:45","108.238805361441","32.328211366123234"
"111","陕西-吴堡","00111",,"111","黄河水利委员会中游水文水资源局","河南黄河科技有限公司","陕西省","吴堡",,,"17/11/2022 16:10:43","110.71030175654607","37.44774380051225"
"112","湖北-武大灌排场","00112",,"1","武汉大水云科技有限公司","武汉大水云科技","湖北省","武汉市",,,"27/12/2020 13:05:35","114.38245014564505","30.538223326199294"
"113","湖北-崇阳","00113",,"62","赤壁分局","长江水利委员会水文局赤壁分局","湖北省","咸宁市",,,"27/12/2020 14:36:01","114.054727","29.534298"
"114","湖北-潜江","00114",,"67","江汉分局","长江水利委员会水文局长江中游水文水资源勘测局","湖北省","潜江市",,,"27/12/2020 16:11:28","112.87691","30.404138"
"116","湖北-沙滩河","00116",,"87","漳河工程管理局","漳河灌区","湖北省","荆门",,,"23/5/2022 10:12:58","112.140942802001","30.97935969106036"
"117","三峡-高家堰","00117",,"43","华中片区","三峡大学","湖北省","宜昌市",,,"23/5/2022 17:56:09","111.20824466004733","30.70582996539146"
"118","湖北-王英水库法隆河","00118",,"96","王英水库管理处","王英水库管理处","湖北省","黄石市",,,"1/7/2022 11:01:23","114.75095683287955","29.812607206900104"
"119","湖北-湖泗","00119",,"96","王英水库管理处","湖北省王英水库管理局","湖北省","咸宁",,,"26/12/2022 10:02:48","114.45235713264918","30.001765492106703"
"120","湖北-漳河车桥","00120",,"87","漳河工程管理局","漳河灌区","湖北省","荆门",,,"13/3/2023 10:32:23","112.1235477598","30.9722130216"
"121","湖北-贺站","00121",,"96","王英水库管理处","湖北省王英水库管理局","湖北省","咸宁",,,"26/12/2022 10:01:50","114.37767204830507","30.023960378155653"
"123","河南-陶岔","00123",,"1","武汉大水云科技有限公司","长江水利委员会水文局丹江口分局","河南省","南阳市",,,"27/12/2020 14:40:23","111.72856","32.672833"
"124","郴州-寨前","00124",,"89","郴州市水文局","郴州市水文局","湖南省","郴州市",,,"10/5/2022 09:27:46","113.91409478463288","25.980982459567578"
"125","郴州","00125",,"89","郴州市水文局","郴州市水文局","湖南省","郴州市",,,"16/5/2022 16:16:51","113.03915265969381","25.803854117669932"
"126","删除-河南-桦树坪","00126",,"1","武汉大水云科技有限公司","河南省栾川水利局","河南省","洛阳市",,,"27/12/2020 10:16:40","111.311392","33.819705"
"127","删除-河南-养子沟上游","00127",,"1","武汉大水云科技有限公司","河南省栾川水利局","河南省","洛阳市",,,"27/12/2020 10:21:36","111.69343","33.74848"
"128","删除-河南-养子沟下游","00128",,"1","武汉大水云科技有限公司","河南省栾川水利局","河南省","洛阳市",,,"27/12/2020 10:23:16","111.693383","33.738006"
"129","河南-信阳-谭家河","00129",,"72","信阳水文水资源","谭家河","河南省","信阳",,,"26/4/2023 09:08:30","113.96675511872449","31.899864172934834"
"132","河北-入唐渠","00132",,"45","天津引栾局","天津龙网","河北省","唐山",,,"12/7/2022 15:01:05","118.2992367728336","40.191471959169185"
"133","宁夏-石嘴山","00133",,"165","黄河水利委员会宁蒙水文水资源局","黄委水文局","宁夏回族自治区","石嘴山市","",,"11/10/2022 16:23:05","106.78503316947126","39.24822861071912"
"134","四川-登瀛岩","00134",,"64","内江市水文局","四川省水文局","四川省","内江市",,,"16/5/2023 10:27:51","101.86481305941236","26.510013740860586"
"135","河北-底发溢","00135",,"45","天津引栾局","天津龙网","河北省","唐山",,,"14/7/2022 09:52:08","118.31365460406073","40.17947660191979"
"136","四川-红旗","00136",,"119","红旗水文站","四川省水文局","四川省","红旗市",,,"16/5/2023 10:27:51","103.50768961689036","31.385100003755483"
"137","河北-入津渠","00137",,"45","天津引栾局","天津龙网","河北省","唐山",,,"15/7/2022 19:31:39","118.29835282142012","40.19208582719924"
"138","四川-兴马","00138",,"27","四川省水文局","四川省水文局","四川省","兴马市",,,"16/5/2023 10:27:52","104.77972970949226","28.78643856835481"
"139","四川-川大实验场","00139",,"27","四川省水文局","四川大学","四川省","成都",,,"13/6/2022 16:21:16","104.02536899315392","30.6233620781056"
"140","四川-西河","00140",,"88","四川汶川县水务局","汶川县水务局","四川省","阿坝州",,,"15/6/2022 14:15:00","102.42240110717364","32.50311644046274"
"141","四川-川大江安校区","00141",,"27","四川省水文局","四川大学","四川省","成都",,,"26/7/2022 15:06:37","103.99404466","30.56397927"
"142","四川-江口站","00142",,"65","眉山市水文局","眉山市水文局","四川省","眉山市",,,"6/9/2022 11:26:00","103.936825","30.303266"
"143","广东-荆山","00143",,"94","江门水文分局","广东省水文局","广东省","阳江市","阳春市",,"16/5/2023 10:28:27","112.603351","22.37776"
"144","青海-门堂站","00144",,"178","黄河水利委员会上游水文水资源局","河南黄河科技有限公司","青海省","久治县",,,"24/4/2023 09:25:42","101.04408800409826","33.774630870319214"
"145","天一-凤凰谷下游","00145",,"54","天一电厂","天生桥一级水电开发有限责任公司水力发电厂","云南省",,,,"22/8/2022 18:05:28","104.281","24.526"
"146","广东-河子口","00146",,"93","梅州水文分局","广东省水文局","广东省","梅州市","五华县",,"27/12/2020 15:13:42","116.062708","24.875001"
"147","广东-新韶","00147",,"112","新韶水文站","广东省水文局","广东省","韶关市","浈江区",,"27/12/2020 13:55:39","113.985437","25.209487"
"148","广东-杜陵","00148",,"95","湛江水文分局","广东省水文局","广东省","湛江市","雷州市",,"27/12/2020 15:36:10","110.266364","21.398617"
"149","删除-广东-蕉坑","00149",,"1","全国","广东省水文局","广东省","汕头市",,,"27/12/2020 15:46:28","115.624931","23.022155"
"150","删除-广西-竹洲水文站","00150",,"1","全国","珠委","广东省","珠海",,,"27/11/2022 11:43:45","113.25979276594823","22.37027564262298"
"152","贵州-贵阳三","00152",,"52","贵阳市水文局","贵州省水文局","贵州省","贵阳市",,,"27/12/2020 18:22:36","106.825611","26.698285"
"153","贵州-麦穰","00153",,"1","全国","贵州省水文局","贵州省","贵阳市",,,"27/12/2020 11:32:04","106.8425","26.6586"
"154","贵州-南江","00154",,"1","全国","贵阳市水文局","贵州省","贵阳市",,,"27/12/2020 11:12:11","106.993436","26.954474"
"155","贵州-禾丰","00155",,"1","全国","贵阳市水文局","贵州省","贵阳市",,,"27/12/2020 14:20:01","106.993436","26.954474"
"156","贵州-修文","00156",,"1","全国","贵阳市水文局","贵州省","贵阳市",,,"27/12/2020 09:25:55","106.58901","26.847089"
"157","贵州-扎佐","00157",,"52","贵阳市水文局","贵阳市水文局","贵州省","贵阳市",,,"27/12/2020 09:21:23","105.87375","25.669583"
"158","贵州-洋水河","00158",,"120","洋水河","贵阳市水文局","贵州省","贵阳市",,,"27/12/2020 09:03:55","106.855427","27.144972"
"159","贵州-禹歇","00159",,"53","黔西南州水文局","黔西南州水文局","贵州省","黔西南州",,,"27/12/2020 15:03:33","104.85264154","25.39161263"
"160","贵州-鹿窝","00160",,"52","贵阳市水文局","贵阳市水文局","贵州省","贵阳市",,,"27/12/2020 16:42:08","106.660557","27.128538"
"162","贵州-羊昌河-西干渠","00162",,"52","贵阳市水文局","黔西南州水文局","贵州省","黔西南州",,,"27/12/2020 11:24:56","106.4377316388347","26.452292333165907"
"163","珠委-董箐","00163",,"123","董箐水文站","珠江水利委员会","贵州省","黔西南州",,,"26/12/2021 18:34:33","106.45010281512317","25.0334064539935"
"164","贵州-羊昌河-总干渠","00164",,"52","贵阳市水文局","贵州省水文局","贵州省","贵阳市",,,"16/8/2022 10:29:20","106.437731638834","26.452292333165907"
"165","贵州-后所站","00165",,"52","贵阳市水文局","贵阳市水文水资源局","贵州省","贵阳市",,,"1/12/2022 13:45:58","106.805274547682","26.616952602827507"
"166","贵州-普渡河站","00166",,"52","贵阳市水文局","贵州省贵阳市水文水资源局","贵州省","贵阳市",,,"1/12/2022 13:51:58","106.87921166958022","26.725862781106752"
"171","贵州-赤水站","00171",,"100","遵义市水文局","贵州省水文局","贵州省","赤水市",,,"8/12/2022 08:50:22","105.68917017263952","28.586058572306587"
"173","安徽-横排头","00173",,"39","淠史杭灌区","武汉大水云","安徽省","六安市","",,"6/5/2021 00:00:00","115.92064095712142","31.77718321321476"
"174","福建-宁化","00174",,"173","广州远动","武汉大水云","福建省","","",,"3/1/2023 00:00:00","116.64023296289062","26.3144634765625"
"175","福建-沙溪口电站","00175",,"41","福建沙溪口水电站","武汉大水云","福建省","","",,"17/5/2023 17:40:57","106.5221767849844","28.94578996464463"
"176","天一-凤凰谷上游","00176",,"54","天一电厂","天一电厂","云南省","","",,"5/4/2023 00:00:00","104.032","24.441"
"177","吉林-永吉","00177",,"1","全国","武汉大水云","吉林省","吉林市","",,"17/5/2023 17:53:33","126.60003193164066","43.808096179687524"
"178","安徽-浍塘沟闸","00178",,"56","灵璧水文局","灵璧水利局","安徽省","宿州市","灵璧县",,"22/5/2023 09:31:19","117.54614396289062","33.60275776074219"
"179","湖北-马良坪水文站","00179",,"61","襄阳市水文水资源勘测局","武汉大水云","湖北省","襄阳市","保康县",,"22/5/2023 15:21:48","111.34714901","31.50109085"
"180","四川-雅砻江-三岩龙河","00180",,"59","雅砻江项目","水电水利设计总院","四川省","甘孜藏族自治州","九龙县",,"2/6/2023 16:37:03","101.24875009","28.75158059"
"181","四川-雅砻江-力丘河","00181",,"59","雅砻江项目","水电水利设计总院","四川省","甘孜藏族自治州","九龙县",,"12/6/2023 00:00:00","101.23420179","29.42046969"
"182","四川-雅砻江-两河口库尾","00182",,"59","雅砻江项目","水电水利设计总院","四川省","甘孜藏族自治州","泸定县",,"12/6/2023 00:00:00","100.22165179","30.6538206"
"183","四川-雅砻江-曲入沟","00183",,"59","雅砻江项目","水电水利设计总院","四川省","甘孜藏族自治州","雅江县",,"12/6/2023 00:00:00","100.79558015","30.29198767"
"184","浙江-长兴-和平水库","00184",,"55","长兴水文局","长兴水文局","浙江省","湖州市","长兴县",,"14/6/2023 14:05:00","119.90931437","30.76399916"
"185","四川-雅砻江-锦屏水文站","00185",,"59","雅砻江项目","中南","四川省","甘孜藏族自治州","九龙县",,"16/6/2023 18:26:59","101.648309","28.307205"
"186","四川-雅砻江-达曲站","00186",,"59","雅砻江项目","中南","四川省","甘孜藏族自治州","九龙县",,"18/6/2023 12:12:43","100.61477","31.43919"
"187","浙江-长兴-二界岭水库","00187",,"55","长兴县水利局","长兴水文局","浙江省","湖州市","长兴县",,"20/6/2023 11:36:39","119.606445633","30.952030995"
"189","山西-晋中-武乡汇入","00189",,"31","西北片区","祁县水利局","山西省","晋中市","祁县",,"21/6/2023 09:52:30","112.496695","37.09872"
"190","山西-晋中-平遥汇入","00190",,"31","西北片区","祁县水利局","山西省","晋中市","祁县",,"21/6/2023 10:06:16","112.488369","37.0996"
"191","湖北-宜昌-尚家河水库","00191",,"115","尚家河","宜昌市黄柏河管理局","湖北省","宜昌市","夷陵区",,"25/6/2023 12:00:31","111.3873137249733","31.001614323183077"
"193","山西-晋中-南风沟口","00193",,"57","祁县水利局","祁县水利局","山西省","晋中市","祁县",,"26/6/2023 17:00:00","112.507344","37.107853"
"194","山西-晋中-北关水库出库","00194",,"57","祁县水利局","祁县水利局","山西省","晋中市","祁县",,"27/6/2023 16:00:00","112.510246","37.133049"
"195","山西-晋中-来远二桥","00195",,"57","祁县水利局","祁县水利局","山西省","晋中市","祁县",,"27/6/2023 17:00:00","112.518485","37.167245"
"196","山西-晋中-来远一桥","00196",,"57","祁县水利局","祁县水利局","山西省","晋中市","祁县",,"27/6/2023 17:00:00","112.515512","37.169876"
"197","山西-晋中-来远镇","00197",,"57","祁县水利局","祁县水利局","山西省","晋中市","祁县",,"28/6/2023 18:00:00","112.508137","37.172735"
"198","山西-晋中-集林坪桥","00198",,"57","祁县水利局","祁县水利局","山西省","晋中市","祁县",,"28/6/2023 19:00:00","112.49919","37.179168"
"199","山西-晋中-谷峪口","00199",,"57","祁县水利局","祁县水利局","山西省","晋中市","祁县",,"22/6/2023 16:00:00","112.474498","37.205264"
"200","山西-晋中-子洪水库入库","00200",,"129","盘陀水文站","祁县水利局","山西省","晋中市","祁县",,"28/6/2023 09:00:00","112.474235","37.222353"
"201","山西-晋中-子洪水库出库","00201",,"57","祁县水利局","祁县水利局","山西省","晋中市","祁县",,"25/6/2023 19:00:00","112.475305","37.280978"
"202","山西-晋中-弧形闸","00202",,"57","祁县水利局","祁县水利局","山西省","晋中市","祁县",,"26/6/2023 12:00:00","112.411423","37.322326"
"203","山西-晋中-南同蒲铁路桥","00203",,"57","祁县水利局","祁县水利局","山西省","晋中市","祁县",,"26/6/2023 18:00:00","112.403021","37.365782"
"204","山西-晋中-张登沟口","00204",,"57","祁县水利局","祁县水利局","山西省","晋中市","祁县",,"21/6/2023 17:00:00","112.475642","37.213269"
"205","四川-雅安-大渡河农场","00205",,"60","中电建成都勘测院","中国电建集团成都勘测设计研究院有限公司","四川省","雅安市","",,"5/7/2023 00:00:00","102.35008479581468","29.22850284426257"
"206","浙江-长兴-合溪北涧","00206",,"55","长兴县水利局","长兴县水利局","浙江省","湖州市","长兴县",,"18/7/2023 17:10:33","119.759447059","31.0818533863"
"207","浙江-长兴-合溪南涧","00207",,"55","长兴县水利局","长兴县水利局","浙江省","湖州市","长兴县",,"18/7/2023 17:15:08","119.7375798633","31.063119243"
"208","浙江-长兴-合溪水库","00208",,"55","长兴县水利局","长兴县水利局","浙江省","湖州市","长兴县",,"18/7/2023 17:16:19","119.8088198537","31.0459558454"
"209","浙江-长兴-林城老街","00209",,"55","长兴县水利局","长兴县水利局","浙江省","湖州市","长兴县",,"18/7/2023 17:17:35","119.7880287525","30.9327525367"
"210","浙江-长兴-泗安水库","00210",,"55","长兴县水利局","长兴县水利局","浙江省","湖州市","长兴县",,"18/7/2023 17:19:24","119.613339499","30.8984658731"
"211","浙江-长兴-大牛坞山塘（水位）","00211",,"55","长兴县水利局","长兴县水利局","浙江省","湖州市","长兴县",,"18/7/2023 17:28:18","119.8877783993","30.7466971644"
"212","浙江-长兴-大王滩山塘（水位）","00212",,"55","长兴县水利局","长兴县水利局","浙江省","湖州市","长兴县",,"18/7/2023 17:29:33","119.7209352748","31.0452241688"
"213","浙江-长兴-坞冲岕山塘（水位）","00213",,"55","长兴县水利局","长兴县水利局","浙江省","湖州市","长兴县",,"18/7/2023 17:30:46","119.6375413379","31.0414484644"
"214","删除-福建-宝峰水库","00214",,"17","华东片区","福建","福建省","","",,"27/7/2023 00:00:00","113.38739013671875","30.07553100585938"
"215","浙江-安吉-昆铜港","00215",,"69","安吉县水文局","安吉水利局","浙江省","湖州市","安吉县",,"28/7/2023 00:00:00","119.7746364526","30.7770957678"
"216","浙江-安吉-浑泥港","00216",,"69","安吉县水文局","安吉水利局","浙江省","湖州市","安吉县",,"28/7/2023 00:00:00","119.7235072611","30.8045061116"
"217","浙江-安吉-里溪","00217",,"69","安吉县水文局","安吉水利局","浙江省","湖州市","安吉县",,"28/7/2023 00:00:00","119.6931204254","30.7562927005"
"218","浙江-安吉-递铺港","00218",,"69","安吉县水文局","安吉水利局","浙江省","湖州市","安吉县",,"28/7/2023 18:45:03","119.6880530763","30.654157698"
"219","删除-浙江-安吉-浒溪上游低水位","00219",,"69","安吉县水文局","安吉水利局","浙江省","湖州市","安吉县",,"28/7/2023 18:53:08","119.6585040549","30.6119556505"
"220","浙江-安吉-大溪","00220",,"69","安吉县水文局","安吉水利局","浙江省","湖州市","安吉县",,"28/7/2023 18:54:21","119.5972698404","30.6325700625"
"221","删除-浙江-安吉-西苕溪低水位","00221",,"69","安吉县水文局","安吉水利局","浙江省","湖州市","安吉县",,"28/7/2023 18:55:35","119.574358859","30.6534432549"
"222","浙江-安吉-赋石水库","00222",,"164","赋石水库管理所","安吉水利局","浙江省","湖州市","安吉县",,"28/7/2023 18:56:45","119.5064466148","30.6327715447"
"223","浙江-安吉-老石坎水库","00223",,"69","安吉县水文局","安吉水利局","浙江省","湖州市","安吉县",,"28/7/2023 18:58:22","119.493589605","30.55487438"
"224","浙江-安吉-浒溪上游","00224",,"69","安吉县水文局","安吉水利局","浙江省","湖州市","安吉县",,"31/7/2023 00:00:00","119.6585040549","30.6119556505"
"225","浙江-安吉-西苕溪","00225",,"69","安吉县水文局","安吉水利局","浙江省","湖州市","安吉县",,"31/7/2023 00:00:00","119.574358859","30.6534432549"
"226","浙江-开化-朱熹公园","00226",,"19","开化县水文局","开化县水利局","浙江省","衢州市","开化县",,"8/8/2023 00:00:00","118.40566179","29.29836899"
"227","浙江-开化-下淤村","00227",,"19","开化县水文局","开化县水利局","浙江省","衢州市","开化县",,"8/8/2023 00:00:00","118.40157944","29.19023799"
"228","浙江-开化-金星村","00228",,"19","开化县水文局","开化县水利局","浙江省","衢州市","开化县",,"8/8/2023 00:00:00","118.37804274","29.06419794"
"229","浙江-开化-村头溪","00229",,"19","开化县水文局","开化县水利局","浙江省","衢州市","开化县",,"8/8/2023 00:00:00","118.43752507","29.26594136"
"230","郴州-坳上","00230",,"89","郴州市水文局","郴州市水文局","湖南省","郴州市","",,"10/8/2023 00:00:00","113.018884","25.679713"
"231","郴州-鸡嘴桥下游","00231",,"89","郴州市水文局","郴州市水文局","湖南省","郴州市","",,"10/8/2023 00:00:00","113.011983","25.816382"
"232","河南-信阳-谭家河测试球机","00232",,"1","全国","武汉大水云科技有限公司","河南省","信阳市","浉河区",,"25/4/2023 00:00:00","113.9666989746","31.8998848847"
"234","郴州-燕泉河","00234",,"89","郴州市水文局","郴州市水利局","湖南省","郴州市","北湖区",,"8/8/2023 00:00:00","113.02373195","25.78843081"
"236","四川-凉山州-越西","00236",,"71","四川凉山越西县水利局","四川德阳润城","四川省","凉山彝族自治州","越西县",,"18/8/2023 00:00:00","102.50392238458242","28.619549471637654"
"237","陕西-茅坝关（大华摄像头测试）","00237",,"108","新增文件服务","汉江局","陕西省","安康市","紫阳县",,"31/8/2023 00:00:00","108.27076559166052","32.34814829517539"
"238","新疆试点","00238",,"1","全国","伊犁州水文勘测局","新疆维吾尔自治区","伊犁哈萨克自治州","巩留县",,"27/7/2023 00:00:00","81.79414581303769","43.62580798236859"
"239","伊宁-吉林台入库流量监测","00239",,"32","国家能源集团新疆吉林台水电开发有限公司","国家能源集团新疆吉林台水电开发有限公司","新疆维吾尔自治区","伊犁哈萨克自治州","尼勒克县",,"5/9/2023 00:00:00","83.16314312556985","43.79996619769375"
"240","福建-湖头水文站","00240",,"76","泉州市水文局","武汉大水云","福建省","泉州市","安溪县",,"15/9/2023 00:00:00","118.04101568","25.23858346"
"241","新疆建设兵团四师63团跃进八库水位（试点）","00241",,"1","全国","武汉大水云","新疆维吾尔自治区","自治区直辖县级行政区划","可克达拉市",,"25/9/2023 00:00:00","80.5802706756901","43.98031198114534"
"242","广东-汤溪","00242",,"91","汕头水文分","武汉大水云","广东省","潮州市","饶平县",,"13/10/2023 10:20:49","116.8739076381","23.89903482"
"243","隧洞口水文站","00243",,"92","三峡水利枢纽梯级调度通信中心","湖北亿立能科技股份有限公司","湖北省","宜昌市","秭归县",,"25/10/2023 00:00:00","110.98216859703687","30.812202514039043"
"244","山东-德州-减河","00244",,"79","德州水文局","山东省水文中心","山东省","德州市","德城区",,"25/10/2023 00:00:00","116.23522105","37.35971077"
"245","山东-德州-漳卫新河","00245",,"79","德州水文局","山东省水文中心","山东省","德州市","德城区",,"25/10/2023 00:00:00","116.2354806288421","37.360496943733736"
"246","山东-德州-南运河","00246",,"79","德州水文局","山东省水文中心","山东省","德州市","德城区",,"25/10/2023 00:00:00","116.2338261","37.36430788"
"247","山东-烟台-海阳水文站","00247",,"80","烟台水文局","山东省水文中心","山东省","烟台市","海阳市",,"25/10/2023 00:00:00","121.15684075","36.79391167"
"248","山东-枣庄-柴胡店","00248",,"81","枣庄水文局","山东省水文中心","山东省","枣庄市","滕州市",,"25/10/2023 00:00:00","117.223890610034","34.8821101979351"
"249","浙江-杭州-铁岭","00249",,"82","杭州水文局","武汉大水云","浙江省","杭州市","滨江区",,"2/11/2023 09:57:56","120.2139538834572","30.19235523540803"
"250","四川-广安-罗渡溪","00250",,"98","合川分局","武汉大水云","四川省","广安市","岳池县",,"13/11/2023 10:11:26","106.58350835","30.3465274"
"251","安徽-三口镇","00251",,"85","三口镇水文站","武汉大水云","安徽省","黄山市","",,"16/11/2023 16:46:53","118.22894385015601","29.667367622963166"
"252","四川-达州市-宣汉站","00252",,"83","四川达州市宣汉县水务局","宣汉县水务局","四川省","达州市","宣汉县",,"16/11/2023 00:00:00","108.0983922354","31.6189576792"
"253","删除-湖北-龙王庙","00253",,"1","全国","1","湖北省","鄂州市","华容区",,"17/11/2023 11:23:53","112.3749619104741","31.001024431442527"
"254","湖北-汉口站","00254",,"1","全国","武汉大水云","湖北省","武汉市","江汉区",,"17/11/2023 17:00:38","114.3352373522","30.6125778183"
"256","郴州-湘阴渡水文站","00256",,"89","郴州市水文局","郴州市水文局","湖南省","郴州市","永兴县",,"28/11/2023 00:00:00","113.02424345492389","26.055483499573935"
"257","广东-流溪河","00257",,"90","广州市水务科学研究院有限公司","广州市水务科学研究院有限公司","广东省","广州市","从化区",,"28/11/2023 14:06:24","113.74618256578233","23.748060841336482"
"258","北京-雁翅水文站","00258",,"1","全国","武汉大水云","北京市","市辖区","门头沟区",,"27/12/2023 00:00:00","115.89493976","40.03318954"
"259","河北-石家庄-黄壁庄水库总干渠","00259",,"104","黄壁庄水文站","武汉大水云科技有限公司","河北省","石家庄市","鹿泉区",,"19/1/2024 00:00:00","114.3247661","38.244441709"
"260","山西吕梁-方山水文站（低水位）","00260",,"176","吕梁市水文局","山西丹东","山西省","吕梁市","方山县",,"18/1/2024 00:00:00","111.223663","37.888882"
"261","山西吕梁-方山水文站（中高水位）","00261",,"176","吕梁市水文局","山西丹东","山西省","吕梁市","方山县",,"17/1/2024 00:00:00","111.223663","37.888882"
"262","广西-大藤峡水文站","00262",,"113","大藤峡水文站","广西大藤峡水利枢纽开发有限责任公司","广西壮族自治区","桂林市","灵川县",,"11/3/2024 11:19:31","110.04891656","23.44603424"
"263","岔河水文站","00263",,"117","岔河水文站","山东省水文中心","山东省","淄博市","桓台县",,"13/3/2024 00:00:00","117.919027133079","37.071417304946394"
"264","四川-都江堰-走马河站","00264",,"107","四川省都江堰水利发展中心","武汉大水云","四川省","成都市","都江堰市",,"2/4/2024 00:00:00","103.62071501694727","30.99440042254831"
"265","蕉坑（蒸发站）","00265",,"1","全国","武汉大水云","广东省","汕尾市","陆丰市",,"8/4/2024 00:00:00","115.6315","23.029"
"266","山西长治-刘东水文站","00266",,"176","吕梁市水文局","山西丹东","山西省","吕梁市","",,"9/4/2024 11:21:06","108.92850367187503","34.023959135742196"
"267","山西长治-坪头水位站","00267",,"176","吕梁市水文局","山西丹东","山西省","吕梁市","",,"9/4/2024 11:23:46","108.78774134277346","34.21553323242188"
"268","黑龙江-卡伦山水文站","00268",,"163","松辽委水文局","武汉大水云科技有限公司","黑龙江省","黑河市","爱辉区",,"2/2/2024 00:00:00","127.5145827281","50.0943078322"
"269","西藏林芝-加热萨","00269",,"60","中电建成都勘测院","成勘院","西藏自治区","林芝市","墨脱县",,"18/4/2024 00:00:00","95.37288308","29.67740816"
"270","内蒙武川-井尔沟水文站","00270",,"110","呼和浩特市水文局","内蒙呼市水文局","内蒙古自治区","呼和浩特市","武川县",,"24/4/2024 09:27:46","111.3473329696","40.9536955996"
"271","山西运城-尊村五干程家庄视觉测点","00271",,"105","运城尊村灌区","西安大水云","山西省","运城市","盐湖区",,"29/4/2024 00:22:41","110.84194284677613","35.037456573585814"
"272","西藏林芝-冷多水位站","00272",,"60","中电建成都勘测院","成勘院","西藏自治区","林芝市","墨脱县",,"29/4/2024 16:37:22","95.44410862","29.46353359"
"273","孝感-大胜关（ARM）","00273",,"106","大悟县水利局","大悟县水利局","湖北省","孝感市","大悟县",,"30/4/2024 00:00:00","114.50405891137649","31.70358825781314"
"274","新疆-乌鲁瓦提水位站","00274",,"109","新疆乌鲁瓦提水利枢纽管理局","西安大水云","新疆维吾尔自治区","和田地区","皮山县",,"1/5/2024 00:00:00","79.1036623985369","36.63928516225554"
"275","安徽-东淝闸","00275",,"56","合肥大水云","合肥大水云","安徽省","淮南市","寿县",,"29/5/2024 14:30:53","116.2227","32.355"
"276","海口水文站（测流）","00276",,"124","中电建昆明院","中电建昆明院","云南省","昆明市","西山区",,"24/6/2024 10:01:43","102.573563","24.789136"
"277","海口水文站（巡测）","00277",,"124","中电建昆明院","中电建昆明院","云南省","昆明市","西山区",,"24/6/2024 10:24:41","102.573563","24.789136"
"278","天津-新城橡胶坝坝后","00278",,"125","天津市水务局水调中心","天津市水务局水调中心","天津市","市辖区","蓟州区",,"1/7/2024 00:00:00","117.401297","40.015293"
"279","天津-西屯桥","00279",,"125","天津市水务局水调中心","天津市水务局水调中心","天津市","市辖区","蓟州区",,"1/7/2024 22:11:09","117.399125","39.77593"
"280","天津-王善庄","00280",,"125","天津市水务局水调中心","天津市水务局水调中心","天津市","市辖区","宝坻区",,"1/7/2024 00:00:00","117.562876","39.7555"
"281","天津-秦营闸","00281",,"125","天津市水务局水调中心","天津市水务局水调中心","天津市","市辖区","武清区",,"1/7/2024 00:00:00","116.931944","39.6875"
"282","天津-流庄村","00282",,"125","天津市水务局水调中心","天津市水务局水调中心","天津市","市辖区","静海区",,"1/7/2024 00:00:00","116.748452","38.933341"
"283","天津-团瓢村","00283",,"125","天津市水务局水调中心","天津市水务局水调中心","天津市","市辖区","静海区",,"1/7/2024 00:00:00","117.078412","38.686781"
"284","天津-洪泥河防洪闸","00284",,"125","天津市水务局水调中心","天津市水务局水调中心","天津市","市辖区","津南区",,"1/7/2024 00:00:00","117.333333","39.055"
"285","天津-乐善闸桥","00285",,"125","天津市水务局水调中心","天津市水务局水调中心","天津市","市辖区","宁河区",,"1/7/2024 00:00:00","117.572684","39.278822"
"286","江西-李家渡水文站","00286",,"73","鄱阳湖水文水资源勘测局","江西省鄱阳湖水文局","江西省","南昌市","进贤县",,"4/7/2024 13:44:41","116.15721276616053","28.222368282387286"
"287","包头-红砂坝水文站","00287",,"127","包头水文水资源分中心","包头水文水资源分中心","内蒙古自治区","包头市","土默特右旗",,"8/7/2024 11:22:51","110.51150894","40.65961143"
"288","包头-二相公蒸发站（试点）","00288",,"127","包头水文水资源分中心","包头水文水资源分中心","内蒙古自治区","包头市","固阳县",,"8/7/2024 11:26:03","110.21430351","41.1019348"
"289","河北-衡水流量站","00289",,"126","衡水水文勘测研究中心","广州中海达卫星导航技术股份有限公司","河北省","衡水市","桃城区",,"10/7/2024 00:00:00","115.7252955367","37.7486354693"
"290","河北-衡水水位站","00290",,"126","衡水水文勘测研究中心","广州中海达卫星导航技术股份有限公司","河北省","衡水市","桃城区",,"1/7/2024 00:00:00","115.7252430417","37.7459085294"
"291","河北-刘吉口水文站","00291",,"126","衡水水文勘测研究中心","广州中海达卫星导航技术股份有限公司","河北省","衡水市","安平县",,"1/7/2024 09:14:00","115.4722015369","38.2683514526"
"292","河北-西小寨水位站","00292",,"126","衡水水文勘测研究中心","广州中海达卫星导航技术股份有限公司","河北省","衡水市","冀州区",,"10/7/2024 09:00:00","115.3400979943","37.5634271165"
"293","河北-姚庄水文站","00293",,"126","衡水水文勘测研究中心","广州中海达卫星导航技术股份有限公司","河北省","衡水市","饶阳县",,"1/7/2024 09:00:00","115.7676113844","38.2813226256"
"294","山西-河曲水文站","00294",,"111","黄委中游局","河南黄河科技有限公司","山西省","忻州市","河曲县",,"24/7/2024 14:43:27","111.155753","39.358926"
"295","云南-里底水文站","00295",,"130","华能澜沧江水电股份有限公司集控中心","华能澜沧江公司","云南省","迪庆藏族自治州","维西傈僳族自治县",,"2/8/2024 12:10:54","99.033817","27.8169"
"296","河北-都衙水文站（左岸）","00296",,"128","海河委员会","海河委员会","河北省","保定市","涞水县",,"3/8/2024 08:21:04","115.481309","39.635002"
"297","浙江-金华二期-中干渠","00297",,"28","梅溪流域（安地灌区）","安地灌区","浙江省","金华市","金东区",,"8/8/2024 16:57:04","119.6642816099678","29.076721172294153"
"298","浙江-金华二期-西干渠进水闸下游","00298",,"28","梅溪流域（安地灌区）","安地灌区","浙江省","金华市","金东区",,"8/8/2024 00:00:00","119.67730582322625","29.089432301991828"
"299","浙江-金华二期-东干渠","00299",,"28","梅溪流域（安地灌区）","安地灌区","浙江省","金华市","金东区",,"1/8/2024 00:00:00","119.66799028176284","29.084396921219522"
"300","删除-河北-唐山-水平口水文站","00300",,"133","唐山水文局","水文中心","河北省","唐山市","遵化市",,"18/8/2024 08:51:39","117.837226","40.105113"
"301","烟台-福山水文站","00301",,"148","烟台城区分中心","山东省水文中心","山东省","烟台市","福山区",,"1/8/2024 00:00:00","121.28011923100509","37.49213396176611"
"302","烟台-隋家水文站","00302",,"155","招远市水文分中心","山东省水文中心","山东省","烟台市","招远市",,"1/8/2024 00:00:00","120.41697368123583","37.11503755385516"
"303","青岛-乌衣巷水文站","00303",,"147","青岛水文中心城区分中心","山东省水文中心","山东省","青岛市","崂山区",,"1/8/2024 00:00:00","120.54408795225851","36.241867116877636"
"304","临沂-壮岗水文站","00304",,"134","临沂市水文局","山东省水文中心","山东省","临沂市","莒南县",,"20/8/2024 13:51:13","119.03383148750025","35.077116112637"
"305","临沂-官纺街水文站","00305",,"134","临沂市水文局","山东省水文中心","山东省","临沂市","莒南县",,"20/8/2024 00:00:00","118.74259889896906","35.13590715926795"
"306","滨州-大湾渡槽","00306",,"136","北京乐水清源","北京乐水清源","山东省","滨州市","惠民县",,"22/8/2024 20:20:57","117.489544","37.30035"
"307","上线前测试站点","00307",,"1","全国","大水云","湖北省","武汉市","江岸区",,"27/8/2024 11:56:32","113.53501892089844","29.83314514160157"
"308","陕西安康电厂坝下站","00308",,"137","国网陕西安康水电厂","武汉大水云科技有限公司","陕西省","安康市","汉滨区",,"30/8/2024 13:37:09","108.531406","32.370281"
"309","静乐水文站","00309",,"141","山西省水文中心","武汉大水云","山西省","忻州市","静乐县",,"30/8/2024 00:00:00","111.550431","38.202244"
"310","海勃湾水文站","00310",,"165","黄河水利委员会宁蒙水文水资源局","河南黄河科技有限公司","内蒙古自治区","乌海市","海勃湾区",,"1/8/2024 00:00:00","106.791944","39.677243"
"311","头道拐水文站","00311",,"165","黄河水利委员会宁蒙水文水资源局","河南黄河科技有限公司","内蒙古自治区","呼和浩特市","托克托县",,"1/8/2024 00:00:00","111.21850088","40.18049019"
"312","删除-廊坊-土门楼","00312",,"139","廊坊水文中心","天津爱易成","河北省","廊坊市","香河县",,"4/9/2024 11:12:11","116.9501710949","39.6856217696"
"313","南水北调新郑站","00313",,"140","南水北调公司","南水北调中线防御处","河南省","郑州市","新郑市",,"7/9/2024 00:11:42","113.68590635873164","34.40597107729697"
"314","北京-大红门水文站","00314",,"99","北京水文总站","北京市水务局水文总站","北京市","市辖区","丰台区",,"11/9/2024 00:00:00","116.40818612745548","39.83433960302751"
"315","咸宁十好桥水文站","00315",,"146","咸宁水文局","咸宁市水文局","湖北省","咸宁市","咸安区",,"8/10/2024 16:06:37","114.285691237","29.8588736503"
"316","湖北-宜昌-中华鲟（站点三）","00316",,"92","三峡水利枢纽梯级调度通信中心","中华鲟研究所","湖北省","宜昌市","点军区",,"21/10/2024 07:54:43","111.32928914459853","30.639127897148573"
"317","湖北-宜昌-中华鲟（站点一）","00317",,"92","三峡水利枢纽梯级调度通信中心","中华鲟研究所","湖北省","宜昌市","点军区",,"22/10/2024 09:19:43","111.33029828502765","30.638129797620998"
"318","湖北-宜昌-中华鲟（站点二）","00318",,"92","三峡水利枢纽梯级调度通信中心","中华鲟研究所","湖北省","宜昌市","点军区",,"1/10/2024 00:00:00","111.3305400075089","30.638072471539516"
"319","青海-乐都水文站","00319",,"149","青海水文水资源勘测局","青海慧图","青海省","海东市","乐都区",,"18/11/2024 10:41:57","102.408392","36.477642"
"320","随州-先觉庙岩子河支流","00320",,"151","先觉庙水库管理局","湖北水翼信息科技有限公司","湖北省","随州市","曾都区",,"1/11/2024 00:00:00","113.61383558","31.96687656"
"321","随州-先觉庙浆溪店河支流","00321",,"151","先觉庙水库管理局","湖北水翼信息科技有限公司","湖北省","随州市","随县",,"20/11/2024 00:00:00","113.64688441","31.94441158"
"322","随州-先觉庙入库主干流","00322",,"151","先觉庙水库管理局","湖北水翼信息科技有限公司","湖北省","随州市","曾都区",,"20/11/2024 00:00:00","113.59713614","31.90402497"
"323","随州-先觉庙水库出库","00323",,"151","先觉庙水库管理局","湖北水翼信息科技有限公司","湖北省","随州市","曾都区",,"20/11/2024 00:00:00","113.50421906","31.80624798"
"324","房县水文站","00324",,"152"," 亿水泰科（北京）信息技术有限公司湖北分公司 ","亿水泰科","湖北省","十堰市","房县",,"27/11/2024 17:00:00","110.7649331238","32.0497121406"
"325","随州水文站","00325",,"152"," 亿水泰科（北京）信息技术有限公司湖北分公司 ","亿水泰科","湖北省","随州市","曾都区",,"1/11/2024 00:00:00","113.37927073","31.69357573"
"326","襄阳-开峰峪水文站","00326",,"152"," 亿水泰科（北京）信息技术有限公司湖北分公司 ","亿水泰科","湖北省","襄阳市","保康县",,"1/11/2024 00:00:00","111.2536908439","32.0002297083"
"327","神农架-松柏二水文站","00327",,"152"," 亿水泰科（北京）信息技术有限公司湖北分公司 ","亿水泰科","湖北省","省直辖县级行政区划","神农架林区",,"1/11/2024 00:00:00","110.6869304629","31.7396004222"
"328","浙江-天台-后岸村站","00328",,"153","天台县水利局","天台县水利局","浙江省","台州市","天台县",,"5/12/2024 20:36:18","120.8049320488","29.07515398"
"329","浙江-天台-岩下村站","00329",,"153","天台县水利局","天台县水利局","浙江省","台州市","天台县",,"5/12/2024 00:00:00","120.9294038257","29.1377570201"
"330","郴州-下坪站","00330",,"89","郴州市水文局","郴州市水文局","湖南省","郴州市","资兴市",,"6/12/2024 20:27:52","113.441662","26.155936"
"331","四川-绵阳-水晶堡水文站","00331",,"154","四川省绵阳水文水资源勘测中心","长委长江上游水文水资源勘测局","四川省","绵阳市","平武县",,"10/12/2024 00:00:00","104.234016","32.489835"
"332","黄陂-矿山水库上游","00332",,"150","中电建昆明院","武汉大水云科技有限公司","湖北省","武汉市","黄陂区",,"9/12/2024 00:00:00","114.2280891061","31.105331459"
"333","湖南-郴州-山河水库出库","00333",,"89","郴州市水文局","郴州水文局","湖南省","郴州市","资兴市",,"19/12/2024 16:30:21","113.2157405903","25.9108661772"
"334","湖南-郴州-山河水库入库","00334",,"89","郴州市水文局","郴州水文局","湖南省","郴州市","苏仙区",,"10/12/2024 00:00:00","113.2163608028","25.7910507069"
"335","湖南-郴州-高峰水库入库","00335",,"89","郴州市水文局","郴州水文局","湖南省","郴州市","苏仙区",,"5/12/2024 00:00:00","113.1330427009","25.7100073904"
"336","湖南-郴州-高峰水库出库","00336",,"89","郴州市水文局","郴州水文局","湖南省","郴州市","苏仙区",,"4/12/2024 00:00:00","113.1192102978","25.7932809415"
"337","湖南-郴州-江源水库出库","00337",,"89","郴州市水文局","郴州水文局","湖南省","郴州市","北湖区",,"5/12/2024 00:00:00","112.9688269831","25.6291664933"
"338","湖南-郴州-江源水库入库","00338",,"89","郴州市水文局","郴州水文局","湖南省","郴州市","北湖区",,"6/12/2024 00:00:00","112.945364523","25.6176381099"
"339","湖南-郴州-仙岭水库入库","00339",,"89","郴州市水文局","郴州水文局","湖南省","郴州市","北湖区",,"7/12/2024 00:00:00","112.9653078384","25.7330918148"
"340","湖南-郴州-仙岭水库出库","00340",,"89","郴州市水文局","郴州水文局","湖南省","郴州市","北湖区",,"2/12/2024 00:00:00","112.9622232039","25.6890681328"
"341","湖南-郴州-桃源水库入库","00341",,"89","郴州市水文局","郴州水文局","湖南省","郴州市","桂阳县",,"4/12/2024 00:00:00","112.3819592135","26.1033408104"
"342","湖南-郴州-桃源水库出库","00342",,"89","郴州市水文局","郴州水文站","湖南省","郴州市","桂阳县",,"30/11/2024 00:00:00","112.4085673018","26.0578155798"
"343","湖南-郴州-郴江河","00343",,"89","郴州市水文局","郴州水位局","湖南省","郴州市","苏仙区",,"3/12/2024 00:00:00","113.0546389543","25.7317071406"
"344","孝感-八汊洼水库","00344",,"157","湖北海狸信息科技有限公司","湖北海狸科技","湖北省","孝感市","孝南区",,"25/12/2024 00:00:00","113.9716349971","31.0957388761"
"345","湖北-通城-神龙坪水库","00345",,"156","长江信达软件技术（武汉）有限责任公司","长江信达","湖北省","咸宁市","通城县",,"1/12/2024 00:00:00","113.7864456596","29.1663454983"
"346","湖北-咸安-中塘水库","00346",,"156","长江信达软件技术（武汉）有限责任公司","长江信达","湖北省","咸宁市","咸安区",,"1/12/2024 00:00:00","114.2835813956","29.8323423467"
"347","湖北-咸安-石头童水库","00347",,"156","长江信达软件技术（武汉）有限责任公司","长江信达","湖北省","咸宁市","咸安区",,"25/12/2024 00:00:00","114.397250012","29.8286685175"
"348","湖北-咸安-大泉口水库","00348",,"156","长江信达软件技术（武汉）有限责任公司","长江信达","湖北省","咸宁市","咸安区",,"25/12/2024 00:00:00","114.2819715125","29.7750734363"
"349","湖北-咸安-鸣水泉水库","00349",,"156","长江信达软件技术（武汉）有限责任公司","长江信达","湖北省","咸宁市","咸安区",,"25/12/2024 00:00:00","114.3041352485","29.720826288"
"350","湖北-通山-水响水库","00350",,"156","长江信达软件技术（武汉）有限责任公司","长江信达","湖北省","咸宁市","通山县",,"25/12/2024 00:00:00","114.3229026907","29.557346214"
"351","湖北-通山-目鱼下水库","00351",,"156","长江信达软件技术（武汉）有限责任公司","长江信达","湖北省","咸宁市","通山县",,"25/12/2024 00:00:00","114.3239048024","29.5720665865"
"352","湖北-通山-杨狮坑水库","00352",,"156","长江信达软件技术（武汉）有限责任公司","长江信达","湖北省","咸宁市","通山县",,"25/12/2024 00:00:00","114.4102095798","29.6413704525"
"353","湖北-通山-洞口罗水库","00353",,"156","长江信达软件技术（武汉）有限责任公司","长江信达","湖北省","咸宁市","通山县",,"25/12/2024 00:00:00","114.4424837585","29.6496206587"
"354","湖北-通山-西垅水库","00354",,"156","长江信达软件技术（武汉）有限责任公司","长江信达","湖北省","咸宁市","通山县",,"25/12/2024 00:00:00","114.6043826093","29.6638144327"
"355","湖北-通山-郭家垅水库","00355",,"156","长江信达软件技术（武汉）有限责任公司","长江信达","湖北省","咸宁市","通山县",,"25/12/2024 00:00:00","114.7082746617","29.688099416"
"356","湖北-通山-下陈水库","00356",,"156","长江信达软件技术（武汉）有限责任公司","长江信达","湖北省","咸宁市","通山县",,"25/12/2024 00:00:00","114.6318988207","29.7924790244"
"357","湖北-红安-洛林水库","00357",,"156","长江信达软件技术（武汉）有限责任公司","河南中原光电测控技术有限公司","湖北省","黄冈市","红安县",,"26/12/2024 00:00:00","114.5893472973902","31.250947271037436"
"358","湖北-红安-徐家湾水库","00358",,"156","长江信达软件技术（武汉）有限责任公司","河南中原光电测控技术有限公司","湖北省","黄冈市","红安县",,"26/12/2024 00:00:00","114.5940796143462","31.23915277265983"
"359","湖北-红安-七角山水库","00359",,"156","长江信达软件技术（武汉）有限责任公司","河南中原光电测控技术有限公司","湖北省","黄冈市","红安县",,"26/12/2024 00:00:00","114.5475851675307","31.254144132816755"
"360","湖北-红安-周家冲水库","00360",,"156","长江信达软件技术（武汉）有限责任公司","河南中原光电测控技术有限公司","湖北省","黄冈市","红安县",,"26/12/2024 00:00:00","114.52856179473302","31.29159110790106"
"361","湖北-红安-牌楼塆水库","00361",,"156","长江信达软件技术（武汉）有限责任公司","河南中原光电测控技术有限公司","湖北省","黄冈市","红安县",,"26/12/2024 00:00:00","114.65379105746555","31.299233928241545"
"362","湖北-红安-腊树塘水库","00362",,"156","长江信达软件技术（武汉）有限责任公司","河南中原光电测控技术有限公司","湖北省","黄冈市","红安县",,"26/12/2024 00:00:00","114.67911024897741","31.289392540008983"
"363","湖北-红安-古庙冲水库","00363",,"156","长江信达软件技术（武汉）有限责任公司","河南中原光电测控技术有限公司","湖北省","黄冈市","红安县",,"26/12/2024 00:00:00","114.60426895096268","31.400063945708737"
"364","湖北-红安-桂家沟水库","00364",,"156","长江信达软件技术（武汉）有限责任公司","河南中原光电测控技术有限公司","湖北省","黄冈市","红安县",,"26/12/2024 00:00:00","114.77043888298873","31.349398790516055"
"365","湖北-红安-聂家坳水库","00365",,"156","长江信达软件技术（武汉）有限责任公司","河南中原光电测控技术有限公司","湖北省","黄冈市","红安县",,"26/12/2024 00:00:00","114.75564947660739","31.417746944052652"
"366","湖北-红安-刘子河水库","00366",,"156","长江信达软件技术（武汉）有限责任公司","河南中原光电测控技术有限公司","湖北省","黄冈市","红安县",,"26/12/2024 00:00:00","114.74296228636655","31.428849095535995"
"367","湖北-红安-高家冲水库","00367",,"156","长江信达软件技术（武汉）有限责任公司","河南中原光电测控技术有限公司","湖北省","黄冈市","红安县",,"26/12/2024 00:00:00","114.77043309300115","31.4696227463035"
"368","湖北-红安-杜家冲水库","00368",,"156","长江信达软件技术（武汉）有限责任公司","河南中原光电测控技术有限公司","湖北省","黄冈市","红安县",,"26/12/2024 00:00:00","114.61352009952269","31.463849729307874"
"369","湖北-红安-黑山冲水库","00369",,"156","长江信达软件技术（武汉）有限责任公司","河南中原光电测控技术有限公司","湖北省","黄冈市","红安县",,"26/12/2024 00:00:00","114.59171319673717","31.473275446490828"
"370","湖北-红安-东瓜地水库","00370",,"156","长江信达软件技术（武汉）有限责任公司","河南中原光电测控技术有限公司","湖北省","黄冈市","红安县",,"26/12/2024 00:00:00","114.66173192969661","31.451086047499274"
"371","湖北-红安-东岳府水库","00371",,"156","长江信达软件技术（武汉）有限责任公司","河南中原光电测控技术有限公司","湖北省","黄冈市","红安县",,"26/12/2024 00:00:00","114.70833632070918","31.48602084460351"
"372","湖北-红安-千口寺水库","00372",,"156","长江信达软件技术（武汉）有限责任公司","河南中原光电测控技术有限公司","湖北省","黄冈市","红安县",,"26/12/2024 00:00:00","114.58840504717291","31.479457910553236"
"373","湖北-麻城-蔡家凹水库","00373",,"156","长江信达软件技术（武汉）有限责任公司","河南中原光电测控技术有限公司","湖北省","黄冈市","麻城市",,"26/12/2024 00:00:00","114.75733602818505","31.183916285187994"
"374","湖北-麻城-细屋艾水库","00374",,"156","长江信达软件技术（武汉）有限责任公司","河南中原光电测控技术有限公司","湖北省","黄冈市","麻城市",,"26/12/2024 00:00:00","114.77890869776493","31.167042476651886"
"375","湖北-麻城-曹家龙水库","00375",,"156","长江信达软件技术（武汉）有限责任公司","河南中原光电测控技术有限公司","湖北省","黄冈市","麻城市",,"26/12/2024 00:00:00","114.795554488092","31.160323199879176"
"376","湖北-麻城-汤家冲水库","00376",,"156","长江信达软件技术（武汉）有限责任公司","河南中原光电测控技术有限公司","湖北省","黄冈市","麻城市",,"26/12/2024 00:00:00","114.82027876611292","31.120721528833336"
"377","湖北-麻城-邹河垸水库","00377",,"156","长江信达软件技术（武汉）有限责任公司","河南中原光电测控技术有限公司","湖北省","黄冈市","麻城市",,"26/12/2024 00:00:00","115.17326575602455","30.97448044818427"
"378","湖北-麻城-西冲水库","00378",,"156","长江信达软件技术（武汉）有限责任公司","河南中原光电测控技术有限公司","湖北省","黄冈市","麻城市",,"26/12/2024 00:00:00","114.94076459504224","31.067444799841102"
"379","湖北-麻城-皮冲水库","00379",,"156","长江信达软件技术（武汉）有限责任公司","河南中原光电测控技术有限公司","湖北省","黄冈市","麻城市",,"26/12/2024 00:00:00","115.06219589136182","31.102255877680197"
"380","湖北-罗田-何家畈水库","00380",,"156","长江信达软件技术（武汉）有限责任公司","河南中原光电测控技术有限公司","湖北省","黄冈市","罗田县",,"26/12/2024 00:00:00","115.37174444411808","30.97389309629006"
"381","湖北-罗田-洪家龙水库","00381",,"156","长江信达软件技术（武汉）有限责任公司","河南中原光电测控技术有限公司","湖北省","黄冈市","罗田县",,"26/12/2024 00:00:00","115.50370692719297","31.233687203038794"
"382","湖北-罗田-黄金山水库","00382",,"156","长江信达软件技术（武汉）有限责任公司","河南中原光电测控技术有限公司","湖北省","黄冈市","罗田县",,"26/12/2024 00:00:00","115.49242005147109","30.93986098842413"
"383","湖北-罗田-抗家山水库","00383",,"156","长江信达软件技术（武汉）有限责任公司","河南中原光电测控技术有限公司","湖北省","黄冈市","罗田县",,"26/12/2024 00:00:00","115.34729650259358","30.951819274839465"
"384","湖北-罗田-胜利李家垸水库","00384",,"156","长江信达软件技术（武汉）有限责任公司","河南中原光电测控技术有限公司","湖北省","黄冈市","罗田县",,"26/12/2024 00:00:00","115.4987024725343","31.140589265798308"
"385","湖北-罗田-猎神庙水库","00385",,"156","长江信达软件技术（武汉）有限责任公司","河南中原光电测控技术有限公司","湖北省","黄冈市","罗田县",,"26/12/2024 00:00:00","115.56335141476832","31.02338982947952"
"386","湖北-罗田-龙王殿水库","00386",,"156","长江信达软件技术（武汉）有限责任公司","河南中原光电测控技术有限公司","湖北省","黄冈市","罗田县",,"26/12/2024 00:00:00","115.46654766990875","31.05413732274314"
"387","湖北-罗田-乱泥湖水库","00387",,"156","长江信达软件技术（武汉）有限责任公司","河南中原光电测控技术有限公司","湖北省","黄冈市","罗田县",,"26/12/2024 00:00:00","115.50380203267977","30.99998969549157"
"388","湖北-罗田-田家套水库","00388",,"156","长江信达软件技术（武汉）有限责任公司","河南中原光电测控技术有限公司","湖北省","黄冈市","罗田县",,"26/12/2024 00:00:00","115.44788970485953","31.1054571947769"
"389","湖北-罗田-杨家垸水库","00389",,"156","长江信达软件技术（武汉）有限责任公司","河南中原光电测控技术有限公司","湖北省","黄冈市","罗田县",,"26/12/2024 00:00:00","115.452048071691","30.88545291351218"
"390","湖北-罗田-朱家冲水库","00390",,"156","长江信达软件技术（武汉）有限责任公司","河南中原光电测控技术有限公司","湖北省","黄冈市","罗田县",,"26/12/2024 00:00:00","115.30552704788103","30.89747379059447"
"391","湖北-英山-雷公尖水库","00391",,"156","长江信达软件技术（武汉）有限责任公司","河南中原光电测控技术有限公司","湖北省","黄冈市","英山县",,"26/12/2024 00:00:00","115.9178552753193","31.01558300095054"
"392","湖北-英山-强儿垸水库","00392",,"156","长江信达软件技术（武汉）有限责任公司","河南中原光电测控技术有限公司","湖北省","黄冈市","英山县",,"26/12/2024 00:00:00","115.73595081255078","30.959400675272015"
"393","湖北-英山-团练冲水库","00393",,"156","长江信达软件技术（武汉）有限责任公司","河南中原光电测控技术有限公司","湖北省","黄冈市","英山县",,"26/12/2024 00:00:00","115.70874426532411","30.928184608995746"
"394","删除-安徽-合肥-十五里河","00394",,"1","全国","安徽水科院","安徽省","合肥市","蜀山区",,"2/1/2025 08:57:33","117.26777903546825","31.795490553960533"
"395","福建-王富村","00395",,"41","福建沙溪口水电站","福建沙溪口电站","福建省","南平市","延平区",,"1/1/2025 00:00:00","117.984920678","26.6653678872"
"396","福建-阳溪大桥","00396",,"41","福建沙溪口水电站","福建沙溪口电站","福建省","南平市","延平区",,"1/1/2025 00:00:00","117.92452902","26.4504084"
"397","河北-黑龙洞泉","00397",,"102","河北省水文局","河北德实科技有限公司","河北省","邯郸市","峰峰矿区",,"21/1/2025 08:14:22","114.17121426929873","36.429345641580156"
"398","湖北-宜城-柏树林水库","00398",,"160","华南水电","华南水电","湖北省","襄阳市","宜城市",,"22/1/2025 11:26:57","112.2524074476","31.5495709896"
"399","湖北-宜城-狼洞水库","00399",,"160","华南水电","华南水电","湖北省","襄阳市","宜城市",,"1/1/2025 00:00:00","112.2530171956","31.857492202"
"400","湖北-襄阳-廖冲水库","00400",,"161","软通","软通","湖北省","襄阳市","襄州区",,"1/1/2025 00:00:00","112.40104407652935","32.087237184802085"
"401","湖北-襄阳-孙家当水库","00401",,"161","软通","软通","湖北省","襄阳市","宜城市",,"1/1/2025 00:00:00","112.47505684376159","32.0727139442924"
"402","湖北-襄阳-孙洼水库","00402",,"161","软通","软通","湖北省","襄阳市","襄州区",,"1/1/2025 00:00:00","112.24163685456593","32.22419996153142"
"403","河北-石家庄-引岗渠","00403",,"162","河北省水文勘测研究中心","河北德实科技有限公司","河北省","石家庄市","平山县",,"22/1/2025 14:09:11","114.00940539","38.30761419"
"404","湖北-安陆-天堂水库","00404",,"179","湖北省水利厅","湖北楚禹水务科技有限公司","湖北省","孝感市","安陆市",,"1/1/2025 00:00:00","113.52150948","31.2279454"
"405","湖北-安陆-汤冲水库","00405",,"179","湖北省水利厅","湖北楚禹水务科技有限公司","湖北省","孝感市","安陆市",,"22/1/2025 14:16:20","113.55441575","31.28634595"
"406","湖北-安陆-双塘水库","00406",,"179","湖北省水利厅","湖北楚禹水务科技有限公司","湖北省","孝感市","安陆市",,"1/1/2025 00:00:00","113.76519551","31.40516683"
"407","湖北-安陆-联合水库","00407",,"179","湖北省水利厅","湖北楚禹水务科技有限公司","湖北省","孝感市","安陆市",,"1/1/2025 00:00:00","113.60118971","31.25972531"
"408","湖北-安陆-乌龟咀水库","00408",,"179","湖北省水利厅","湖北楚禹水务科技有限公司","湖北省","孝感市","安陆市",,"1/1/2025 00:00:00","113.62474556","31.30533729"
"409","湖北-安陆-洪山水库","00409",,"179","湖北省水利厅","湖北楚禹水务科技有限公司","湖北省","孝感市","安陆市",,"1/1/2025 00:00:00","113.5379251","31.16010704"
"410","湖北-安陆-岱塘水库","00410",,"179","湖北省水利厅","湖北楚禹水务科技有限公司","湖北省","孝感市","安陆市",,"1/1/2025 00:00:00","113.61723897","31.12139931"
"411","湖北-安陆-王店水库","00411",,"179","湖北省水利厅","湖北楚禹水务科技有限公司","湖北省","孝感市","安陆市",,"1/1/2025 00:00:00","113.75718286","31.20100296"
"412","湖北-安陆-三合水库","00412",,"179","湖北省水利厅","湖北楚禹水务科技有限公司","湖北省","孝感市","安陆市",,"1/1/2025 00:00:00","113.77668836","31.29974002"
"413","湖北-安陆-槎山水库","00413",,"179","湖北省水利厅","湖北楚禹水务科技有限公司","湖北省","孝感市","安陆市",,"1/1/2025 00:00:00","113.78674965","31.40858068"
"414","湖北-安陆-曹冲水库","00414",,"179","湖北省水利厅","湖北楚禹水务科技有限公司","湖北省","孝感市","安陆市",,"1/1/2025 00:00:00","113.82874408","31.41567231"
"415","河北-石家庄-岗南水库水文站","00415",,"162","河北省水文勘测研究中心","河北德实科技有限公司","河北省","石家庄市","平山县",,"1/1/2025 00:00:00","114.00398671732513","38.31632768063449"
"416","湖北-襄阳-五房水库","00416",,"161","软通","软通","湖北省","襄阳市","襄州区",,"23/1/2025 16:28:08","112.24435418285425","32.3334435759328"
"417","湖北-襄阳-杨洼水库","00417",,"161","软通","软通","湖北省","襄阳市","襄州区",,"1/1/2025 00:00:00","112.41254067100495","32.03085848953295"
"418","湖北-房县-联观水库","00418",,"161","软通","软通","湖北省","十堰市","房县",,"1/1/2025 00:00:00","110.7284613396","32.0361697938"
"419","湖北-房县-小小里沟水库","00419",,"161","软通","软通","湖北省","十堰市","房县",,"1/1/2025 00:00:00","110.7585525676","32.1071482162"
"420","湖北-房县-猪娃子沟水库","00420",,"161","软通","软通","湖北省","十堰市","房县",,"1/1/2025 00:00:00","110.7006454998","32.054245821"
"421","湖北-十堰-哈马石水库","00421",,"161","软通","软通","湖北省","十堰市","张湾区",,"1/1/2025 00:00:00","110.4744539163","32.7019756064"
"422","湖北-十堰-安沟水库","00422",,"161","软通","软通","湖北省","十堰市","张湾区",,"1/1/2025 00:00:00","110.6841904486","32.6897946779"
"423","湖北-十堰-路桥水库","00423",,"161","软通","软通","湖北省","十堰市","张湾区",,"1/1/2025 00:00:00","110.7386421195","32.7115000927"
"424","湖北-十堰-罗家山水库","00424",,"161","软通","软通","湖北省","十堰市","张湾区",,"1/1/2025 00:00:00","110.5514622193","32.7375239073"
"425","湖北-十堰-石洞沟水库","00425",,"161","软通","软通","湖北省","十堰市","张湾区",,"1/1/2025 00:00:00","110.6219257366","32.7201320518"
"426","湖北-十堰-周家沟水库","00426",,"161","软通","软通","湖北省","十堰市","张湾区",,"1/1/2025 00:00:00","110.6025346048","32.7360137972"
"427","湖北-十堰-大沟水库","00427",,"161","软通","软通","湖北省","十堰市","张湾区",,"1/1/2025 00:00:00","110.7234588404","32.6942946137"
"428","湖北-襄阳-吴湾水库","00428",,"161","软通","软通","湖北省","襄阳市","襄州区",,"1/1/2025 00:00:00","112.3525964885","31.8694713216"
"429","湖北-襄阳-红石岩水库","00429",,"161","软通","软通","湖北省","襄阳市","襄州区",,"1/1/2025 00:00:00","112.3022091399","31.8986622715"
"430","湖北-襄阳-观音水库","00430",,"161","软通","软通","湖北省","襄阳市","襄城区",,"1/1/2025 00:00:00","112.0350189324","31.9533096556"
"431","湖北-安陆-徐冲水库","00431",,"179","湖北省水利厅","湖北楚禹水务科技有限公司","湖北省","孝感市","安陆市",,"11/2/2025 10:01:32","113.82251896","31.42826626"
"432","湖北-安陆-大石板水库","00432",,"179","湖北省水利厅","湖北楚禹水务科技有限公司","湖北省","孝感市","安陆市",,"1/2/2025 00:00:00","113.4241344","31.35125851"
"433","湖北-安陆-滑石板水库","00433",,"179","湖北省水利厅","湖北楚禹水务科技有限公司","湖北省","孝感市","安陆市",,"1/2/2025 00:00:00","113.38882642","31.3638697"
"434","湖北-安陆-响水潭水库","00434",,"179","湖北省水利厅","湖北楚禹水务科技有限公司","湖北省","孝感市","安陆市",,"1/2/2025 00:00:00","113.41611115","31.38121336"
"435","湖北-安陆-何冲水库","00435",,"179","湖北省水利厅","湖北楚禹水务科技有限公司","湖北省","孝感市","安陆市",,"1/2/2025 00:00:00","113.66921178","31.40437923"
"436","湖北-安陆-陡坡水库","00436",,"179","湖北省水利厅","湖北楚禹水务科技有限公司","湖北省","孝感市","安陆市",,"1/2/2025 00:00:00","113.7003719","31.43186995"
"437","湖北-安陆-黎严冲水库","00437",,"179","湖北省水利厅","湖北楚禹水务科技有限公司","湖北省","孝感市","安陆市",,"1/2/2025 00:00:00","113.53038513","31.34523664"
"438","湖北-安陆-大李冲水库","00438",,"179","湖北省水利厅","湖北楚禹水务科技有限公司","湖北省","孝感市","安陆市",,"1/2/2025 00:00:00","113.72698856","31.42707702"
"439","湖北-随县-岩子河水库","00439",,"179","湖北省水利厅","湖北楚禹水务科技有限公司","湖北省","随州市","随县",,"1/2/2025 00:00:00","113.07924368","31.47395603"
"440","湖北-随县-同心水库","00440",,"179","湖北省水利厅","湖北楚禹水务科技有限公司","湖北省","随州市","随县",,"1/2/2025 00:00:00","113.09659555","31.60268615"
"441","湖北-随县-清香水库","00441",,"179","湖北省水利厅","湖北楚禹水务科技有限公司","湖北省","随州市","随县",,"1/2/2025 00:00:00","112.82701352","31.60960505"
"442","湖北-随县-长岭水库","00442",,"179","湖北省水利厅","湖北楚禹水务科技有限公司","湖北省","随州市","随县",,"1/2/2025 00:00:00","112.78329251","31.63353953"
"443","湖北-随县-垱稍水库","00443",,"179","湖北省水利厅","湖北楚禹水务科技有限公司","湖北省","随州市","随县",,"1/2/2025 00:00:00","113.10882799","31.73981434"
"444","湖北-随县-钻子腰水库","00444",,"179","湖北省水利厅","湖北楚禹水务科技有限公司","湖北省","随州市","随县",,"1/2/2025 00:00:00","113.16838391","31.87277401"
"445","湖北-随县-龙潭沟水库","00445",,"179","湖北省水利厅","湖北楚禹水务科技有限公司","湖北省","随州市","随县",,"1/2/2025 00:00:00","113.71350908","32.13213872"
"446","湖北-广水-流沙冲水库","00446",,"179","湖北省水利厅","武汉梦芯科技有限公司","湖北省","随州市","广水市",,"11/2/2025 10:43:00","113.95816796","31.61588586"
"447","湖北-广水-寿龙寺水库","00447",,"179","湖北省水利厅","武汉梦芯科技有限公司","湖北省","随州市","广水市",,"1/2/2025 00:00:00","113.67283607","31.47485198"
"448","湖北-广水-锡山水库","00448",,"179","湖北省水利厅","武汉梦芯科技有限公司","湖北省","随州市","广水市",,"1/2/2025 00:00:00","113.72257396","31.56558876"
"449","湖北-广水-小凉水沟水库","00449",,"179","湖北省水利厅","武汉梦芯科技有限公司","湖北省","随州市","广水市",,"27/1/2025 00:00:00","113.64772616","31.86536806"
"450","湖北-广水-北风咀水库","00450",,"179","湖北省水利厅","武汉梦芯科技有限公司","湖北省","随州市","广水市",,"1/2/2025 00:00:00","113.73503909","31.75474812"
"451","湖北-广水-刘家沟水库","00451",,"179","湖北省水利厅","武汉梦芯科技有限公司","湖北省","随州市","广水市",,"15/1/2025 00:00:00","113.67709738","31.76386142"
"452","湖北-广水-徐家冲水库","00452",,"179","湖北省水利厅","武汉梦芯科技有限公司","湖北省","随州市","广水市",,"8/1/2025 00:00:00","113.57160727","31.65265125"
"453","湖北-广水-乌龟咀水库","00453",,"179","湖北省水利厅","武汉梦芯科技有限公司","湖北省","随州市","广水市",,"9/1/2025 00:00:00","114.05796451","31.70559044"
"454","湖北-广水-正沟水库","00454",,"179","湖北省水利厅","武汉梦芯科技有限公司","湖北省","随州市","广水市",,"17/1/2025 00:00:00","114.06575711","31.69676365"
"455","湖北-大悟-赵谷冲水库","00455",,"179","湖北省水利厅","武汉梦芯科技有限公司","湖北省","孝感市","大悟县",,"9/1/2025 00:00:00","114.08514","31.49416"
"456","湖北-大悟-芦冲水库","00456",,"179","湖北省水利厅","武汉梦芯科技有限公司","湖北省","孝感市","大悟县",,"16/1/2025 00:00:00","114.17756","31.64405"
"457","湖北-大悟-阮陀寺水库","00457",,"179","湖北省水利厅","武汉梦芯科技有限公司","湖北省","孝感市","大悟县",,"17/1/2025 00:00:00","114.11228","31.62614"
"458","湖北-大悟-太子庙水库","00458",,"179","湖北省水利厅","武汉梦芯科技有限公司","湖北省","孝感市","大悟县",,"15/1/2025 00:00:00","114.27121","31.73358"
"459","湖北-大悟-友谊水库","00459",,"179","湖北省水利厅","武汉梦芯科技有限公司","湖北省","孝感市","大悟县",,"16/1/2025 00:00:00","114.25558","31.78749"
"460","湖北-大悟-张家冲水库","00460",,"179","湖北省水利厅","武汉梦芯科技有限公司","湖北省","孝感市","大悟县",,"17/1/2025 00:00:00","114.11216","31.60043"
"461","湖北-大悟-八字沟水库","00461",,"179","湖北省水利厅","武汉梦芯科技有限公司","湖北省","孝感市","大悟县",,"1/1/2025 00:00:00","114.34584","31.74678"
"462","湖北-大悟-花石岩水库","00462",,"179","湖北省水利厅","武汉梦芯科技有限公司","湖北省","孝感市","大悟县",,"12/1/2025 00:00:00","114.34817","31.71004"
"463","湖北-大悟-陶冲水库","00463",,"179","湖北省水利厅","武汉梦芯科技有限公司","湖北省","孝感市","大悟县",,"1/1/2025 00:00:00","114.44952","31.66931"
"464","湖北-大悟-波兰水库","00464",,"179","湖北省水利厅","武汉梦芯科技有限按公司","湖北省","孝感市","大悟县",,"3/1/2025 00:00:00","114.05197","31.43182"
"465","湖北-大悟-腊树沟水库","00465",,"179","湖北省水利厅","武汉梦芯科技有限公司","湖北省","孝感市","大悟县",,"10/1/2025 00:00:00","114.32066","31.56061"
"466","湖北-大悟-独木树水库","00466",,"179","湖北省水利厅","武汉梦芯科技有限公司","湖北省","孝感市","大悟县",,"17/1/2025 00:00:00","114.29212","31.4464"
"467","湖北-大悟-福利水库","00467",,"179","湖北省水利厅","武汉梦芯科技有限公司","湖北省","孝感市","大悟县",,"16/1/2025 00:00:00","114.09491","31.51168"
"468","湖北-大悟-何家冲水库","00468",,"179","湖北省水利厅","武汉梦芯科技有限公司","湖北省","孝感市","大悟县",,"9/1/2025 00:00:00","114.1384969786","31.6483526787"
"469","湖北-大悟-九条沟水库","00469",,"179","湖北省水利厅","武汉梦芯科技有限公司","湖北省","孝感市","大悟县",,"1/1/2025 00:00:00","114.14518","31.48185"
"470","湖北-大悟-马鞍山水库","00470",,"179","湖北省水利厅","武汉梦芯科技有限公司","湖北省","孝感市","大悟县",,"1/1/2025 00:00:00","114.29826","31.42839"
"471","湖北-大悟-彭家冲水库","00471",,"179","湖北省水利厅","武汉梦芯科技有限公司","湖北省","孝感市","大悟县",,"1/1/2025 00:00:00","114.36335","31.32465"
"472","湖北-大悟-一重门水库","00472",,"179","湖北省水利厅","武汉梦芯科技有限公司","湖北省","孝感市","大悟县",,"1/1/2025 00:00:00","114.33499","31.38579"
"473","湖北-大悟-皂谷冲水库","00473",,"179","湖北省水利厅","武汉梦芯科技有限公司","湖北省","孝感市","大悟县",,"1/1/2025 00:00:00","114.26403","31.39891"
"474","湖北-大悟-陡山沟水库","00474",,"179","湖北省水利厅","武汉梦芯科技有限公司","湖北省","孝感市","大悟县",,"1/1/2025 00:00:00","114.44683","31.45502"
"475","湖北-大悟-红石堰水库","00475",,"179","湖北省水利厅","武汉梦芯科技有限公司","湖北省","孝感市","大悟县",,"3/1/2025 00:00:00","114.47384","31.52568"
"476","湖北-大悟-杨山水库","00476",,"179","湖北省水利厅","武汉梦芯科技有限公司","湖北省","孝感市","大悟县",,"11/1/2025 00:00:00","114.30322","31.56763"
"477","湖北-大悟-张家湾水库","00477",,"179","湖北省水利厅","武汉梦芯科技有限公司","湖北省","孝感市","大悟县",,"17/1/2025 00:00:00","114.3175","31.59291"
"478","湖北-大悟-东岳庙水库","00478",,"179","湖北省水利厅","武汉梦芯科技有限公司","湖北省","孝感市","大悟县",,"8/1/2025 00:00:00","114.31211","31.57687"
"479","湖北-大悟-三里岗水库","00479",,"179","湖北省水利厅","武汉梦芯科技有限公司","湖北省","孝感市","大悟县",,"21/1/2025 00:00:00","114.50609","31.54167"
"480","麦新水文站","00480",,"163","松辽委水文局","集成商","内蒙古自治区","通辽市","开鲁县",,"25/2/2025 13:38:27","120.79447405","43.45839207"
"481","河南-三门峡-涧河站","00481",,"166","三门峡市水利局","三门峡市水利局","河南省","三门峡市","湖滨区",,"28/2/2025 22:46:57","111.253768","34.730143"
"482","株洲-泗汾水文站","00482",,"167","株洲水文局","株洲市水文局","湖南省","株洲市","醴陵市",,"3/3/2025 20:51:27","113.492761524","27.535951139"
"483","删除-河北-都衙水文站（右岸）","00483",,"1","全国","海河委员会","河北省","保定市","涞水县",,"21/3/2025 19:20:56","115.4828406149","39.6348234934"
"485","贵州-麦穰视觉蒸发站","00485",,"52","贵阳市水文局","贵州省水文局","贵州省","贵阳市","乌当区",,"24/3/2025 16:46:47","106.8425","26.6586"
"486","新疆-八一水库","00486",,"169","北京金水信息技术发展有限公司","北京金水","新疆维吾尔自治区","乌鲁木齐市","天山区",,"30/3/2025 13:01:53","87.6564791311","44.2213142311"
"487","临沂-石拉渊水文站","00487",,"134","临沂市水文局","山东省水文中心","山东省","临沂市","河东区",,"3/4/2025 11:35:24","118.65121465399064","35.22932537873698"
"488","枣庄-台儿庄水文站","00488",,"81","枣庄水文局","山东省水文中心","山东省","枣庄市","台儿庄区",,"1/4/2025 00:00:00","117.75108249556558","34.53995047372832"
"489","滨州-堡集闸水文站","00489",,"171","滨州市水文局","山东省水文中心","山东省","滨州市","滨城区",,"1/4/2025 00:00:00","117.85665009936562","37.50426470370154"
"490","黄陂-三姑井水库入库","00490",,"150","中电建昆明院","武汉大水云科技有限公司","湖北省","武汉市","黄陂区",,"3/4/2025 10:05:35","114.60345915","30.94122082"
"491","黄陂-夏家寺水库入库","00491",,"150","中电建昆明院","武汉大水云科技有限公司","湖北省","武汉市","黄陂区",,"1/4/2025 00:00:00","114.49581043","31.15784277"
"492","黄陂-院基寺水库入库2","00492",,"150","中电建昆明院","武汉大水云科技有限公司","湖北省","武汉市","黄陂区",,"1/4/2025 00:00:00","114.27607104","31.1069069"
"493","黄陂-院基寺水库入库1","00493",,"150","中电建昆明院","武汉大水云科技有限公司","湖北省","武汉市","黄陂区",,"1/4/2025 00:00:00","114.29831076","31.1473298"
"494","黄陂-梅店水库入库1","00494",,"150","中电建昆明院","武汉大水云科技有限公司","湖北省","武汉市","黄陂区",,"1/4/2025 00:00:00","114.25594489","31.24461653"
"495","黄陂-巴山水库入库","00495",,"150","中电建昆明院","武汉大水云科技有限公司","湖北省","武汉市","黄陂区",,"1/4/2025 00:00:00","114.21254911","31.12305155"
"496","黄陂-泥河水库入库","00496",,"150","中电建昆明院","武汉大水云科技有限公司","湖北省","武汉市","黄陂区",,"1/4/2025 00:00:00","114.26263602","31.05402487"
"497","湖南-徐家","00497",,"172","浏阳市水利局","北京国信华源","湖南省","长沙市","浏阳市",,"10/4/2025 16:26:23","113.4454199","28.07416348"
"500","重庆-黄葛水文站","00500",,"175","文件服务2","湖北一方科技有限公司","重庆市","市辖区","渝北区",,"21/4/2025 20:25:22","106.82865266","30.02970147"
"531","茶棚支渠-跃进-施桥村界点","00531",,"158","安徽水科院","博大视野","安徽省","六安市","金安区",,"20/4/2025 14:13:44","116.679269","31.528001"
"532","马小堰支渠-五十铺-左大桥村界点","00532",,"158","安徽水科院","博大视野","安徽省","六安市","金安区",,"19/4/2025 14:13:45","116.638668","31.579131"
"533","新高支渠-九十铺-孙岗村界点","00533",,"158","安徽水科院","博大视野","安徽省","六安市","金安区",,"19/4/2025 14:13:46","116.751842","31.489403"
"534","小孙岗分支渠-年桥村-佛庵村界点","00534",,"158","安徽水科院","博大视野","安徽省","六安市","金安区",,"19/4/2025 14:13:47","116.734485","31.481053"
"535","野猫墩支渠-古河-邬桥村界点","00535",,"158","安徽水科院","博大视野","安徽省","六安市","金安区",,"19/4/2025 14:13:48","116.768857","31.462148"
"536","野猫墩支渠-邬桥-雨淋岗村界点","00536",,"158","安徽水科院","博大视野","安徽省","六安市","金安区",,"18/4/2025 14:13:49","116.779669","31.467415"
"537","松塘分支渠-松塘分支渠进水口","00537",,"158","安徽水科院","博大视野","安徽省","六安市","金安区",,"18/4/2025 14:13:50","116.638269","31.534553"
"538","埠雨支渠-大墩村-年桥村界点","00538",,"158","安徽水科院","博大视野","安徽省","六安市","金安区",,"18/4/2025 14:13:51","116.706993","31.480616"
"539","埠雨支渠-年桥村-大墩村2号界点","00539",,"158","安徽水科院","博大视野","安徽省","六安市","金安区",,"17/4/2025 14:13:52","116.714683","31.464236"
"540","茶棚支渠-施桥-八十铺村界点","00540",,"158","安徽水科院","博大视野","安徽省","六安市","金安区",,"17/4/2025 14:13:53","116.717296","31.539431"
"541","茶棚支渠-八十铺-河口村界点","00541",,"158","安徽水科院","博大视野","安徽省","六安市","金安区",,"17/4/2025 14:13:54","116.722038","31.536989"
"542","杭岭支渠-高岗-高杭村界点","00542",,"158","安徽水科院","博大视野","安徽省","六安市","金安区",,"16/4/2025 14:13:55","116.71023","31.674687"
"543","张巷支渠-青峰-莲花村界点","00543",,"158","安徽水科院","博大视野","安徽省","六安市","金安区",,"16/4/2025 14:13:56","116.666331","31.937842"
"544","潘新分支渠-潘新分支渠进水口村界点","00544",,"158","安徽水科院","博大视野","安徽省","六安市","金安区",,"15/4/2025 14:13:57","116.564399","31.89262"
"545","金桥斗渠-金桥斗渠进水口村界点","00545",,"158","安徽水科院","博大视野","安徽省","六安市","金安区",,"14/4/2025 14:13:58","116.658304","31.891089"
"546","四川-桂花水文站","00546",,"175","文件服务2","湖北一方科技有限公司","四川省","广安市","华蓥市",,"23/4/2025 20:29:17","106.62859195","30.21878857"
"547","重庆-塘河水文站","00547",,"175","文件服务2","湖北一方科技有限公司","重庆市","市辖区","江津区",,"23/4/2025 20:40:32","106.0483697","28.96206348"
"549","豫-DZ","00549",,"188","方城管理处"," 中国南水北调集团中线有限公司","河南省","南阳市","方城县",,"24/4/2025 00:00:00","112.84308343366588","33.141592318708064"
"550","黄河几字弯入黄区","00550",,"175","文件服务2","","内蒙古自治区","鄂尔多斯市","达拉特旗",,"6/5/2025 00:00:00","109.75171634279108","39.63328162864235"
"551","黄河几字弯入黄区左岸","00551",,"175","文件服务2","","内蒙古自治区","鄂尔多斯市","达拉特旗",,"6/5/2025 00:00:00","109.76591962038917","39.59498635151479"
"584","天津-引滦隧洞","00584",,"180","天津市水文局","天津爱易成","河北省","唐山市","遵化市",,"6/5/2025 17:42:01","118.1651227142","40.1993947909"
"585","天津-前毛庄水文站","00585",,"180","天津市水文局","天津爱易成","天津市","天津市","蓟州区",,"6/5/2025 17:42:02","117.9202129129","40.0631224398"
"586","天津-沙河桥","00586",,"180","天津市水文局","天津爱易成","天津市","天津市","蓟州区",,"6/5/2025 17:42:03","117.7465338697","40.0385541138"
"587","天津-果河桥","00587",,"180","天津市水文局","天津爱易成","天津市","天津市","蓟州区",,"6/5/2025 17:42:04","117.742985657","40.0132634437"
"588","天津-淋河桥","00588",,"180","天津市水文局","天津爱易成","天津市","天津市","蓟州区",,"6/5/2025 17:42:05","117.6449528901","40.0851753421"
"589","天津-黄崖关","00589",,"180","天津市水文局","天津爱易成","天津市","天津市","蓟州区",,"6/5/2025 17:42:06","117.4439673602","40.2040152081"
"590","天津-下营","00590",,"180","天津市水文局","天津爱易成","天津市","天津市","蓟州区",,"6/5/2025 17:42:07","117.4323959801","40.1849433655"
"591","天津-大毛庄","00591",,"180","天津市水文局","天津爱易成","天津市","天津市","蓟州区",,"6/5/2025 17:42:08","117.4387244915","40.0371221744"
"592","天津-罗庄子水文站","00592",,"180","天津市水文局","天津爱易成","天津市","天津市","蓟州区",,"6/5/2025 17:42:09","117.4088364291","40.1415572686"
"593","天津-于桥电站","00593",,"180","天津市水文局","天津爱易成","天津市","天津市","蓟州区",,"6/5/2025 17:42:10","117.436183542","40.0291490637"
"594","天津-于桥水库泄洪洞","00594",,"180","天津市水文局","天津爱易成","天津市","天津市","蓟州区",,"6/5/2025 17:42:10","117.436183542","40.0291490637"
"595","天津-苏庄子","00595",,"180","天津市水文局","天津爱易成","天津市","天津市","蓟州区",,"6/5/2025 17:42:11","117.3761638362","39.9825748226"
"596","天津-王庄","00596",,"180","天津市水文局","天津爱易成","天津市","天津市","武清区",,"6/5/2025 17:42:12","116.974104827","39.6340743533"
"597","天津-丰北闸","00597",,"180","天津市水文局","天津爱易成","天津市","天津市","宁河区",,"6/5/2025 17:42:13","117.7481596421","39.5776644378"
"598","天津-东丰台","00598",,"180","天津市水文局","天津爱易成","天津市","天津市","宁河区",,"6/5/2025 17:42:14","117.7668853281","39.5738418658"
"599","天津-裴庄闸","00599",,"180","天津市水文局","天津爱易成","天津市","天津市","宁河区",,"6/5/2025 17:42:16","117.8684243204","39.3836766707"
"600","豫-YN","00600",,"187","汤阴管理处"," 中国南水北调集团中线有限公司","河南省","安阳市","汤阴县",,"6/5/2025 00:00:00","114.3188083676","35.8707734541"
"601","进贤-钟陵水库","00601",,"181","钟陵水位站"," 鄱阳湖水文水资源勘测局","江西省","南昌市","进贤县",,"6/5/2025 22:18:56","116.5408316","28.41733284"
"616","隽水闸","00616",,"146","咸宁水文局","湖北亿立能科技股份有限公司","湖北省","咸宁市","通城县",,"7/5/2025 11:42:59","113.82526606","29.25926078"
"617","冀-NS(S)","00617",,"186","沙河管理处"," 中国南水北调集团中线有限公司","河北省","邢台市","沙河市",,"13/5/2025 00:00:00","114.3999218547","36.9489910109"
"618","冀-NS(N）","00618",,"186","沙河管理处"," 中国南水北调集团中线有限公司","河北省","邢台市","沙河市",,"13/5/2025 00:00:00","114.4069213469","36.9779641037"
"619","冀-BJM","00619",,"189","惠南庄管理处"," 中国南水北调集团中线有限公司","河北省","保定市","涿州市",,"13/5/2025 18:27:24","115.7919355319","39.5077732529"
"620","贵州-大菜园","00620",,"182","黔东南州水文局","贵州智水","贵州省","黔东南苗族侗族自治州","镇远县",,"14/5/2025 13:16:21","108.40059977520185","27.043318872265704"
"621","云南-北羊街水文站","00621",,"184","昆明分局","云南馨飞科技有限公司","云南省","昆明市","宜良县",,"16/5/2025 21:06:42","103.1611277","25.01560708"
"623","河北-黄壁庄水库引黄渠","00623",,"162","河北省水文勘测研究中心","河北德实科技有限公司","河北省","石家庄市","平山县",,"1/5/2025 00:00:00","114.31344083679474","38.245092427692086"
"624","河北-黄壁庄水库灵正渠","00624",,"162","河北省水文勘测研究中心","河北德实科技有限公司","河北省","石家庄市","平山县",,"21/5/2025 07:54:35","114.33779855659834","38.27653603563854"
"639","导入站点名称12","00639",,"175","文件服务2",,"湖北省","武汉市","武昌区",,"29/5/2025 11:11:12","11.11","11.11"
"640","导入站点名称13","00640",,"175","文件服务2",,"湖北省","武汉市","武昌区",,"29/5/2025 11:11:13","12.11","12.11"
"641","导入站点名称14","00641",,"175","文件服务2",,"湖北省","武汉市","武昌区",,"29/5/2025 11:11:14","13.11","13.11"
"642","导入站点名称15","00642",,"175","文件服务2",,"湖北省","武汉市","武昌区",,"29/5/2025 11:11:15","14.11","14.11"
"643","导入站点名称16","00643",,"175","文件服务2",,"湖北省","武汉市","武昌区",,"29/5/2025 11:11:16","15.11","15.11"
"644","导入站点名称17","00644",,"175","文件服务2",,"湖北省","武汉市","武昌区",,"29/5/2025 11:11:17","16.11","16.11"
"645","导入站点名称18","00645",,"175","文件服务2",,"湖北省","武汉市","武昌区",,"29/5/2025 11:11:18","17.11","17.11"
"646","湖北-襄阳-杨四庙水库","00646",,"159","东深智水","湖北水利厅","湖北省","襄阳市","谷城县",,"30/5/2025 14:44:04","111.63271157646986","32.2689343387182"
"647","湖北-襄阳-徐眼水库","00647",,"159","东深智水","湖北水利厅","湖北省","襄阳市","老河口市",,"30/5/2025 00:00:00","111.8773172182204","32.47710532365598"
"648","贵州-高旧站","00648",,"193","贵州省生态环境监测中心","贵州智水同创","贵州省","黔东南苗族侗族自治州","榕江县",,"3/6/2025 11:06:31","108.17777254775447","25.852248727269654"
"649","贵州-八蒙站","00649",,"193","贵州省生态环境监测中心","贵州智水同创","贵州省","黔东南苗族侗族自治州","榕江县",,"3/6/2025 11:26:34","108.15526809852143","25.830961112480523"
"650","贵州-坝街站","00650",,"193","贵州省生态环境监测中心","贵州智水同创","贵州省","黔南布依族苗族自治州","三都水族自治县",,"3/6/2025 11:28:24","108.08355346718267","25.83706187848904"
"651","贵州-坝辉站","00651",,"193","贵州省生态环境监测中心","贵州智水同创","贵州省","黔南布依族苗族自治州","三都水族自治县",,"3/6/2025 11:37:30","108.0913410772892","25.867419171099286"
"652","贵州-半坡小河站","00652",,"193","贵州省生态环境监测中心","贵州智水同创","贵州省","黔南布依族苗族自治州","独山县",,"3/6/2025 11:41:11","107.6172471578756","25.805769351283132"
"653","黄陂-梅店水库入库2","00653",,"150","黄陂区水利和湖泊局","中电建昆明院","湖北省","武汉市","黄陂区",,"6/6/2025 12:39:17","114.2415","31.241135"
"654","广西-玉林横江水文站","00654",,"190","玉林水文中心","广西华德智盛信息技术有限公司","广西壮族自治区","玉林市","福绵区",,"4/6/2025 00:00:00","110.0617229104","22.5847900748"
"655","小浪底水文站","00655",,"191","黄委河南局","武汉大水云科技有限公司","河南省","省直辖县级行政区划","济源市",,"11/6/2025 11:06:52","112.406472","34.921557"
"656","金口水位站","00656",,"192","武汉分局","湖北一方","湖北省","武汉市","江夏区",,"11/6/2025 21:26:56","114.125092","30.296401"
"657","甘肃-红旗水文站","00657",,"194","临洮水文局","甘肃省临洮水文水资源勘测中心","甘肃省","定西市","临洮县",,"12/6/2025 18:31:04","103.56912856","35.80510808"
"658","河润基地试点","00658",,"195","新疆河润科技股份有限公司","武汉大水云科技有限公司","新疆维吾尔自治区","乌鲁木齐市","米东区",,"13/6/2025 12:23:13","87.683504","44.144817"
"659","广西-平而水文站","00659",,"1","全国","广西华德智盛","广西壮族自治区","崇左市","凭祥市",,"15/6/2025 00:00:00","106.7059404662","22.2162050913"
"660","cq-wcswz","00660",,"197","重庆水文监测总站","中国科学院重庆分公司","重庆市","市辖区","江津区",,"15/6/2025 00:00:00","106.4638294118","29.1123388661"
"663","河北-石家庄-西龙门水文站","00663",,"1","全国",,"河北省","石家庄市","赞皇县",,"17/6/2025 00:00:00","114.30579475194426","37.67370959240648"
"664","河北-石家庄-南赵水文站","00664",,"121","功能展示部门",,"河北省","石家庄市","藁城区",,"17/6/2025 00:00:01","114.54637159263996","37.888377904858984"
"666","湖北-襄阳-毕家湖水库","00666",,"159","东深智水","湖北省水利厅","湖北省","襄阳市","谷城县",,"1/6/2025 00:00:00","111.52410052","32.31294739"
"667","河北-石家庄-小作站","00667",,"162","河北省水文勘测研究中心","河北德实科技有限公司","河北省","石家庄市","井陉矿区",,"24/5/2025 00:00:00","114.01776456373479","38.115295537464306"
"668","河北-石家庄-清水口","00668",,"1","全国",,"河北省","石家庄市","平山县",,"13/6/2025 00:00:00","113.68574927572772","38.40148342719215"
"669","河北-石家庄-微水（金良）站","00669",,"1","全国",,"河北省","石家庄市","井陉县",,"25/5/2025 00:00:00","114.16285427609934","38.00750080201118"
"671","内蒙古-室韦水文站","00671",,"1","全国","武汉大水云科技有限公司","内蒙古自治区","呼伦贝尔市","额尔古纳市",,"22/6/2025 10:40:53","119.90156965","51.34544313"
"672","陕西-皇甫水文站","00672",,"1","全国","武汉大水云科技有限公司","陕西省","榆林市","府谷县",,"24/6/2025 00:00:00","111.08979","39.285726"
"673","陕西-王道恒塔水文站","00673",,"1","全国","武汉大水云科技有限公司","陕西省","榆林市","神木市",,"24/6/2025 00:00:00","110.40546743411423","39.06018403440652"
"674","陕西-甘谷驿水文站","00674",,"1","全国","武汉大水云科技有限公司","陕西省","延安市","宝塔区",,"24/6/2025 14:50:25","109.80105246219959","36.7067474307173"
"675","河北-邯郸-大跃峰","00675",,"200","漳河上游管理局","","河北省","邯郸市","涉县",,"25/6/2025 00:00:00","113.8729880939","36.3638394073"
"676","武汉大水云对外站点","00676",,"1","全国",,"湖北省","武汉市","洪山区",,"26/6/2025 15:22:56","114.44663790355682","30.365567578715087"
"677","河北-石家庄-北张村","00677",,"1","全国",,"河北省","石家庄市","井陉县",,"25/5/2025 00:00:00","114.07120051774015","38.00164084191144"
"678","河北-石家庄-河应站","00678",,"1","全国",,"河北省","石家庄市","井陉县",,"29/5/2025 00:00:00","114.12589346464176","37.94582852540459"
"679","河北-石家庄-唐家寨","00679",,"1","全国","河北德实科技有限公司","河北省","石家庄市","赵县",,"8/6/2025 00:00:00","114.89639238131547","37.75630562141312"
"680","河北-石家庄-大石桥站","00680",,"1","全国",,"河北省","石家庄市","赵县",,"8/6/2025 00:00:00","114.71199432763629","37.75597924041365"
"681","河北-石家庄-横山岭水库磁左站","00681",,"1","全国","河北德实科技有限公司","河北省","石家庄市","灵寿县",,"13/6/2025 00:00:00","114.1963007692995","38.56084902329002"
"682","河北-石家庄-横山岭水库磁右站","00682",,"1","全国","河北德实科技有限公司","河北省","石家庄市","灵寿县",,"12/6/2025 00:00:00","114.18403896083362","38.58595219135839"
"683","河北-石家庄-柳林铺","00683",,"1","全国","河北德实科技有限公司","河北省","石家庄市","正定县",,"1/6/2025 07:17:17","114.5249649","38.11039335"
"684","河北-石家庄-冷泉","00684",,"175","文件服务2",,"河北省","石家庄市","平山县",,"2/6/2025 07:17:17","114.00168034","38.28799912"
"685","河北-石家庄-水峪河","00685",,"1","全国","河北德实科技有限公司","河北省","石家庄市","平山县",,"3/6/2025 07:17:17","113.92433284","38.27323364"
"686","河北-石家庄-下卸甲河","00686",,"175","文件服务2",,"河北省","石家庄市","平山县",,"4/6/2025 07:17:17","113.73188211","38.42598254"
"687","河北-石家庄-陈庄大桥","00687",,"175","文件服务2",,"河北省","石家庄市","灵寿县",,"5/6/2025 07:17:17","114.11263736","38.56311568"
"688","河北-石家庄-新乐1","00688",,"1","全国","河北德实科技有限公司","河北省","石家庄市","新乐市",,"6/6/2025 07:17:17","114.77273326","38.38548447"
"689","河北-石家庄-新乐2","00689",,"1","全国","河北德实科技有限公司","河北省","石家庄市","新乐市",,"7/6/2025 07:17:17","114.77273326","38.38548447"
"690","河北-石家庄-池村","00690",,"1","全国","河北德实科技有限公司","河北省","石家庄市","元氏县",,"8/6/2025 07:17:17","114.53259876","37.79013252"
"691","河北-石家庄-东苏阳","00691",,"1","全国","河北德实科技有限公司","河北省","石家庄市","元氏县",,"9/6/2025 07:17:17","114.43364399","37.74088379"
"692","河北-石家庄-前头庄","00692",,"175","文件服务2",,"河北省","石家庄市","井陉县",,"10/6/2025 07:17:17","114.07839034","37.79796991"
"693","河北-石家庄-南寺","00693",,"1","全国","河北德实科技有限公司","河北省","石家庄市","井陉县",,"11/6/2025 07:17:17","114.08958631","37.7333866"
"694","河北-石家庄-上坪","00694",,"175","文件服务2",,"河北省","石家庄市","井陉县",,"12/6/2025 07:17:17","114.05176051","37.84461723"
"695","河北-石家庄-朱会沟","00695",,"175","文件服务2",,"河北省","石家庄市","井陉县",,"13/6/2025 07:17:17","114.10809123","37.85067781"
"696","河北-石家庄-流沙硼","00696",,"175","文件服务2",,"河北省","石家庄市","井陉县",,"14/6/2025 07:17:17","114.07770293","37.90605164"
"697","河北-石家庄-微水1","00697",,"1","全国","河北德实科技有限公司","河北省","石家庄市","井陉县",,"15/6/2025 07:17:17","114.13397103","38.03912331"
"698","河北-石家庄-微水2","00698",,"1","全国","河北德实科技有限公司","河北省","石家庄市","井陉县",,"16/6/2025 07:17:17","114.13397103","38.03912331"
"699","河北-石家庄-段家营","00699",,"175","文件服务2",,"河北省","石家庄市","藁城区",,"17/6/2025 07:17:17","114.53088969","37.90635163"
"700","河北-石家庄-口头水库","00700",,"1","全国","河北德实科技有限公司","河北省","石家庄市","行唐县",,"18/6/2025 07:17:17","114.37895572","38.61157095"
"701","河北-石家庄-小觉","00701",,"1","全国","河北德实科技有限公司","河北省","石家庄市","平山县",,"19/6/2025 07:17:17","113.71830057","38.392343"
"702","河北-石家庄-东阳桥北岸","00702",,"1","全国","河北德实科技有限公司","河北省","石家庄市","新乐市",,"20/6/2025 07:17:17","114.67499656","38.31954295"
"703","河北-石家庄-东阳桥南岸","00703",,"1","全国","河北德实科技有限公司","河北省","石家庄市","新乐市",,"21/6/2025 07:17:17","114.67499656","38.31954295"
"704","河北-石家庄-河西头","00704",,"1","全国","河北德实科技有限公司","河北省","石家庄市","平山县",,"22/6/2025 07:17:17","113.56671169","38.42171818"
"705","河北-石家庄-西李坡北岸","00705",,"1","全国","河北德实科技有限公司","河北省","石家庄市","平山县",,"23/6/2025 07:17:17","114.15254961","38.31455326"
"706","河北-石家庄-西李坡南岸","00706",,"1","全国","河北德实科技有限公司","河北省","石家庄市","平山县",,"24/6/2025 07:17:17","114.15254961","38.31455326"
"707","贵州-剑河城景电站","00707",,"182","黔东南州水文水资源局",,"贵州省","黔东南苗族侗族自治州","剑河县",,"25/6/2025 08:59:51","108.5040432547","26.7379772234"
"708","重庆-华洞水文站","00708",,"1","全国",,"重庆市","市辖区","荣昌区",,"24/6/2025 00:00:00","105.4610016839","29.2945066074"
"709","中和村水文站","00709",,"1","全国",,"黑龙江省","哈尔滨市","阿城区",,"9/7/2025 10:23:59","127.48499844","45.45393763"
"710","广西-恩城水位站","00710",,"1","全国","广西华德智盛","广西壮族自治区","崇左市","大新县",,"1/7/2025 00:00:00","107.082872","22.736602"
"711","广西-伏茗水位站","00711",,"1","全国","广西华德智盛","广西壮族自治区","崇左市","大新县",,"1/7/2025 00:00:00","106.8073778303","22.9842522285"
"712","广西-武安水位站","00712",,"1","全国","广西华德智盛","广西壮族自治区","崇左市","大新县",,"1/7/2025 00:00:00","107.2862247022","22.8447291347"
"713","广西-龙开水位站","00713",,"1","全国","广西华德智盛","广西壮族自治区","崇左市","宁明县",,"1/7/2025 00:00:00","107.3342464786","22.057806402"
"714","广西-龙茗水位站","00714",,"1","全国",,"广西壮族自治区","崇左市","天等县",,"1/7/2025 00:00:00","107.0195846225","22.9839109401"
"715","广西-渠黎水位站","00715",,"1","全国",,"广西壮族自治区","崇左市","扶绥县",,"1/7/2025 00:00:00","107.8067070151","22.5650242882"
"716","广西-浦门水文站","00716",,"1","全国",,"广西壮族自治区","崇左市","凭祥市",,"1/7/2025 00:00:00","106.9372474778","21.9980687643"
"717","广西-夏石水文站","00717",,"1","全国",,"广西壮族自治区","崇左市","凭祥市",,"1/7/2025 00:00:00","106.922573894","22.0935112417"
"718","广西-平尧水文站","00718",,"1","全国",,"广西壮族自治区","崇左市","天等县",,"1/7/2025 00:00:00","107.007858507","23.2778512229"
"719","天津-江洼口","00719",,"1","全国",,"天津市","市辖区","宁河区",,"10/7/2025 00:00:00","117.71909484808936","39.52133287394901"
"720","黑林水文站","00720",,"199","大水云对外API部门",,"江苏省","连云港市","海州区",,"17/7/2025 12:11:23","118.88325015","35.03144381"
"721","旭龙电站","00721",,"1","全国",,"云南省","迪庆藏族自治州","德钦县",,"19/7/2025 15:10:55","98.92752441818294","28.454539759825366"
"722","四川-撒连水文站","00722",,"1","全国","湖北一方科技有限公司","四川省","攀枝花市","米易县",,"21/7/2025 00:00:00","101.917049121","26.7288640322"
"723","云南-簸笠大桥","00723",,"1","全国",,"云南省","昭通市","镇雄县",,"27/7/2025 00:00:00","105.282618949","27.7157647495"
"724","衡水-祁楼干渠","00724",,"1","全国",,"河北省","衡水市","阜城县",,"27/7/2025 20:27:21","116.20593704","37.81796238"
"725","河北-石家庄-岗南二坝","00725",,"1","全国",,"河北省","石家庄市","平山县",,"11/6/2025 00:00:00","114.03201259723329","38.30940200359325"
"726","衡水-马朗水文站","00726",,"1","全国",,"河北省","衡水市","武强县",,"29/7/2025 09:14:12","115.96121028","37.64097185"
